CanadaSeed,GCPNT_LATcs,GCPNT_LONcs,CanadaEpoch,GCPNT_LATce,GCPNT_LONce,SpainSeed,GCPNT_LATss,GCPNT_LONss,SpainEpoch,GCPNT_LATse,GCPNT_LONse,ItalySeed,GCPNT_LATis,GCPNT_LONis,ItalylEpoch,GCPNT_LATie,GCPNT_LONie,MexicoSeed,GCPNT_LATms,GCPNT_LONms,MexicoEpoch,GCPNT_LATme,GCPNT_LONme,UKSeed,GCPNT_LATus,GCPNT_LONus,UKEpoch,GCPNT_LATue,GCPNT_LONue,JapanSeed,GCPNT_LATjs,GCPNT_LONjs,EpochJapan,GCPNT_LATje,GCPNT_LONje,USASeed,GCPNT_LATuss,GCPNT_LONuss,USAEpoch,GCPNT_LATuse,GCPNT_LONuse,FranceSeed,GCPNT_LATfs,GCPNT_LONfs,FranceEpoch,GCPNT_LATfe,GCPNT_LONfe,SovietSeed,GCPNT_LATfe,GCPNT_LONfe,SovietEpoch,GCPNT_LATfe,GCPNT_LONfe
Edmonton,53.54200131,-113.4855766,Ajax,43.850374,-79.024658,Madrid,40.40404665,-3.708166287,Albacete,38.9890121,-1.8548699,Roma,41.89715399,12.53231298,Alessandria,44.9129225,8.615321,Valle de Mexico,19.45159047,-99.10560261,Acambaro,20.07084755,-100.7447445,Belfast,54.60187616,-5.945435042,Aberdeen,57.1482429,-2.0928095,Tokyo,35.68148131,139.649416,Akita,39.6898802,140.342608,New York,40.77321423,-73.88090455,Akron,41.083064,-81.518485,Paris,48.83990462,2.322010194,Agen,44.2015624,0.6176324,Kazan,55.78333333,49.11666667,Almaty,43.25,76.95
Montreal,45.53269003,-73.66822949,Belleville,44.2436328,-77.3607597,Barcelona,41.41556989,2.171428026,Alcoi,38.7005237,-0.479220415,Napoli,40.86518786,14.33619261,Ancona,43.6170137,13.5170982,Guadalajara,20.63761304,-103.3591386,Acapulco,16.8680495,-99.8940182,Birmingham,52.51213812,-1.965490369,Barnsley,53.5527719,-1.4827755,Osaka,34.70012803,135.4198332,Aomori,40.886943,140.590121,Chicago,41.79396274,-87.82253727,Albany,42.6511674,-73.754968,Marseille,43.30069617,5.407161707,Ajaccio,41.9263991,8.7376029,Kharkiv,50,36.25,Astrakhan,46.35,48.03333333
Ottawa,45.41781152,-75.69404691,Brampton,43.6858146,-79.7599337,Valencia,39.48043152,-0.407237737,Algeciras,36.1310804,-5.4487055,Milano,45.54463407,9.1899412,Andria,41.227674,16.2947553,Monterrey,25.71167126,-100.2783275,Acayucan,18.0281048,-95.03593818,Bradford,53.79391,-1.75206,Bath,51.3813864,-2.3596963,Nagoya,35.1212196,136.8713458,Asahikawa,43.758203,142.371544,Los Angeles,33.95381355,-117.9539253,Albuquerque,35.0841034,-106.6509851,Lille,50.633333,3.066667,Albi,43.9277552,2.147899,Kiiv,50.43,30.52,Babruisk,53.15,29.23
Quebec,46.82043598,-71.27167611,Brandon,49.8511143,-99.9608924,Sevilla,37.37619005,-5.986844189,Alicante,38.353738,-0.4901846,Torino,45.07125588,7.650765077,Arezzo,43.4640246,11.86046188,Puebla-Tlaxcala,19.04691142,-98.22301187,Aguascalientes,21.8806553,-102.2961323,Bristol,51.47568809,-2.582049449,Birkenhead,53.3943509,-3.0191569,Yokohama,35.44778,139.6425,Chiba,35.549399,140.2647303,Philadelphia,39.90704662,-75.23605793,Allentown,40.6022059,-75.4712794,Lyon,45.75117226,4.860845174,Ales,44.1253665,4.0852818,Moscow,55.75,37.61666667,Baku,40.4,49.88
Toronto,43.65246768,-79.53381024,Brantford,43.1554354,-80.2665916,Zaragoza,41.6528066,-0.891803969,Almeria,36.8414197,-2.4628135,Genova,44.4184188,8.917256522,Bari,41.1257843,16.8620293,Juarez,31.70384714,-106.3905995,Ahome,25.9240491,-109.2075396,Edinburgh,55.94226618,-3.191615537,Blackburn,53.749326,-2.4840566,Sapporo,43.07052122,141.3738144,Fukui,35.9263502,136.6068127,Detroit,42.33143,-83.04575,Anaheim,33.8347516,-117.911732,Nice,43.64599973,7.143746234,Amiens,49.8941708,2.2956951,Nizhni-Novgorod,56.31666667,44,Bar0ul,49.07,27.67
Vancouver,49.2292552,-122.9851417,Burlington,43.3248924,-79.7966835,Malaga,36.67033498,-4.474219443,Antequera,37.0183652,-4.5596649,Palermo,38.13624749,13.33786802,Bergamo,45.6944947,9.6698727,Torreon - Gomez Palacio,25.54389,-103.41898,Ameca,20.5347004,-104.064661,Glasgow,55.85618871,-4.301855947,Brighton,50.8220399,-0.1374061,Kobe,34.6913,135.183,Funabashi,35.699997,139.988668,Houston,29.78137075,-95.40836967,Anchorage,61.2163129,-149.8948523,Bordeaux,44.83713582,-0.595450807,Angers,47.4739884,-0.5515588,Novosibirsk,55.03333333,82.91666667,Berdichiv,49.9,28.58
Winnipeg,49.87947386,-97.1510269,Burnaby,49.2433804,-122.9725459,Bilbao,43.29752228,-2.972245446,Aviles,43.5554436,-5.9222466,Firenze,43.7839755,11.21375718,Bolzano,46.4981125,11.3547801,Leon,21.1239562,-101.6665674,Amecameca,19.1200254,-98.70653181,Leeds,53.79648,-1.54785,Calderdale,53.7204748,-1.962288633,Hiroshima,34.40983978,132.4508307,Gifu,35.7867449,137.0460777,Saint Louis,38.64866335,-90.29516847,Arlington,32.701939,-97.10562483,,,,Angouleme,45.6512748,0.1576745,Odesa,46.47,30.73,Bishkek,42.87,74.6
,,,Calgary,51.02532675,-114.0498685,Murcia,37.99154182,-1.12995791,Badajoz,38.8780585,-6.9702048,Bologna,44.4937077,11.32900303,Brescia,45.5398022,10.2200214,,,,Apatzingan,18.9681711,-102.4693968,Liverpool,53.43350797,-2.874288738,Cardiff,51.4816546,-3.1791934,Fukuoka,33.60202361,130.4282875,Hachioji,35.660175,139.283071,,,,Atlanta,33.7490987,-84.3901849,,,,Annemasse,46.1934005,6.2341093,Riga,56.95,24.1,Brest,52.1,23.7
,,,Cap-de-la-Madeleine,46.368253,-72.509079,,,,Barakaldo,43.29548,-2.9900933,,,,Cagliari,39.2169525,9.1128513,,,,Campeche,19.32920555,-89.94391483,London,51.49357981,-0.129891877,Coventry,52.4081812,-1.510477,Kyoto,35.02107,135.75385,Hakodate,41.768793,140.729008,,,,Aurora,41.7571701,-88.3147539,,,,Armentieres,50.6867281,2.882169,Saint-Petersburg,59.95,30.31666667,Chelyabinsk,55.15,61.4
,,,Cape Breton,46.2950327,-60.93605535,,,,Burgos,42.343926,-3.696977,,,,Caltanissetta,37.4899412,14.0631618,,,,Cananea,30.9826994,-110.2101185,Manchester,53.49196147,-2.241619756,Darlington,54.53525645,-1.552942975,Kitakyushu,33.88835279,130.8576725,Hamamatsu,34.7109786,137.7259431,,,,Austin,30.2711286,-97.7436995,,,,Arras,50.291048,2.7772211,Saratov,51.53333333,46,Chernivtsi,48.3,25.93
,,,Charlottetown,46.234953,-63.132935,,,,Caceres,39.4745175,-6.3716761,,,,Capannori,43.8420391,10.5735254,,,,Celaya,20.5222851,-100.8307739,Sheffield,53.388841,-1.417890387,Derby,52.9212617,-1.4761491,Sendai,38.27557021,140.9104717,Himeji,34.8153529,134.6854793,,,,Bakersfield,35.3738712,-119.0194639,,,,Avignon,43.9492493,4.8059012,,,,Chisi0u,54.58,55.38
,,,Chatham,42.405207,-82.191467,,,,Cadiz,36.5298292,-6.2925679,,,,Caserta,41.0820827,14.334708,,,,Centro,18.0271651,-92.77477676,,,,Doncaster,53.5227681,-1.1335312,Nagasaki,32.76273432,129.8565366,Kagoshima,31.521587,130.5474077,,,,Baltimore,39.2847494,-76.62047464,,,,Bastia,42.7065505,9.452542,,,,Chita,52.03333333,113.5
,,,Chilliwack,49.157677,-121.9514307,,,,Cartagena,37.6267868,-1.0006184,,,,Castellammare di Stabia,40.6943046,14.4804813,,,,Chihuahua,28.5000001,-106.0000001,,,,Dudley,52.5110832,-2.0816813,,,,Kanazawa,36.561627,136.6568822,,,,Baton Rouge,30.4459596,-91.18738,,,,Bayonne,43.4933379,-1.475099,,,,Daugavpils,55.88,26.53
,,,Drummondville,45.8864303,-72.5018764,,,,Castello de la Plana,39.9860347,-0.0377354,,,,Catania,37.5022355,15.08738,,,,Ciudad Guzman,19.7001632,-103.4639353,,,,Dundee,56.4605938,-2.97019,,,,Kawaguchi,35.8078228,139.7241054,,,,Birmingham,33.5206824,-86.8024326,,,,Beauvais,49.4300997,2.0823355,,,,Dniepropetrovsk,48.45,34.98
,,,East York,43.6913391,-79.3278212,,,,Ceuta,35.888361,-5.304138,,,,Catanzaro,38.9076353,16.5960465,,,,Ciudad Madero,22.2783046,-97.82426861,,,,Halifax,53.7229229,-1.8604874,,,,Kawasaki,35.523142,139.708024,,,,Boston,42.3602534,-71.0582912,,,,Belfort,47.6379599,6.8628942,,,,Donetsk,48,37.8
,,,Etobicoke,43.67145915,-79.55249207,,,,Ciudad Real,38.95975095,-3.882828339,,,,Cesena,44.136352,12.2422442,,,,Ciudad Obregon,27.4846619,-109.9337782,,,,Hartlepool,54.6857276,-1.2093696,,,,Kochi,33.6569018,133.5606241,,,,Bridgeport,41.1670412,-73.2048348,,,,Besancon,47.2380222,6.0243622,,,,Dushambe,38.56,68.77
,,,Fredericton,45.966425,-66.645813,,,,Cordoba,37.8845813,-4.7760138,,,,Cinisello Balsamo,45.5560579,9.2140112,,,,Ciudad Valles,22.0757924,-99.07337577,,,,Huddersfield,53.6466645,-1.7822482,,,,Kumamoto,32.6450475,130.6341345,,,,Buffalo,42.8867166,-78.8783922,,,,Bethune,50.5199,2.64781,,,,Ekaterinburg,56.83333333,60.58333333
,,,Galt,43.3589869,-80.3152471,,,,Coruna,43.3712091,-8.3958768,,,,Cosenza,39.3099931,16.2501929,,,,Ciudad Victoria,23.7389846,-99.1441352,,,,Hull,53.7435722,-0.3394758,,,,Kurashiki,34.5850791,133.7719957,,,,Chandler,33.3062223,-111.8413317,,,,Beziers,43.3426562,3.2131307,,,,Erevan,40.18,44.51
,,,Glace Bay,46.1949393,-59.9561999,,,,Donostia-San Sebastian,43.3224219,-1.9838889,,,,Cremona,45.1334796,10.0248716,,,,Coatzacoalcos,18.1367924,-94.37775916,,,,Knowsley,53.4552358,-2.8546852,,,,Maebashi,36.3893418,139.0632826,,,,Charlotte,35.2270869,-80.8431268,,,,Blois,47.5876861,1.3337639,,,,Evpatoria,45.2,33.36
,,,Guelph,43.533783,-80.2306337,,,,Ecija,37.5406007,-5.079589,,,,Faenza,44.2855555,11.8832055,,,,Colima - Villa de Alvarez,19.274843,-103.7159042,,,,Leicester,52.6361398,-1.1330789,,,,Matsudo,35.7879371,139.903177,,,,Chattanooga,35.0456297,-85.3096801,,,,Boulogne-sur-Mer,50.7259985,1.6118771,,,,Gomel,52.44,30.98
,,,Halifax,44.8543667,-63.137798,,,,El Puerto de Santa Maria,36.601468,-6.2381494,,,,Ferrara,44.8372737,11.6186451,,,,Cordoba,18.92397125,-96.92781089,,,,Luton,51.89107295,-0.423030408,,,,Matsuyama,33.8395188,132.7653521,,,,Cincinnati,39.1014537,-84.5124602,,,,Bourg-en-Bresse,46.2051192,5.2250324,,,,Gorlivka,48.3,38.05
,,,Hamilton,43.2425289,-79.9470423,,,,Elche,38.2653181,-0.6988488,,,,Foggia,41.4623447,15.5430624,,,,Cuernavaca,18.9218274,-99.2342282,,,,Middlesbrough,54.5461946,-1.235830489,,,,Muroran,42.3152461,140.9740731,,,,Cleveland,41.5051613,-81.6934446,,,,Bourges,47.0805693,2.398932,,,,Grod0,58.88333333,40.25
,,,Hull,45.4371637,-75.7241942,,,,Estrada,42.6972533,-8.4403579,,,,Forli,44.2227182,12.0412435,,,,Culiacan,24.7978965,-107.393395,,,,Newcastle-upon-Tyne,54.9738474,-1.6131572,,,,Nagano,36.1143945,138.0319015,,,,Colorado Springs,38.8339578,-104.8253485,,,,Bourgoin-Jallieu,45.5872259,5.2828123,,,,Irkutsk,52.28333333,104.3
,,,Joliette,46.0528409,-73.4617483,,,,Ferrol,43.4846862,-8.233162,,,,Gela,37.0664363,14.2502445,,,,Delicias,28.1227078,-105.4684895,,,,North Tyneside,55.02979945,-1.508256,,,,Niigata,37.6452283,138.7669125,,,,Columbus,39.9622601,-83.0007065,,,,Brest,48.3905283,-4.4860088,,,,Ismail,45.35,28.83
,,,Kamloops,50.6758269,-120.3394159,,,,Gijon,43.5450394,-5.6626443,,,,Giuliano in Campania,41.23334305,14.00139025,,,,Durango,24.833333,-104.833333,,,,Norwich,52.628606,1.29227,,,,Okayama,34.8581334,133.7759256,,,,Corpus Christi,27.8002542,-97.3955744,,,,Brive-la-Gaillarde,45.1584982,1.5332389,,,,Izhevsk,56.85,53.21666667
,,,Kelowna,49.889326,-119.498291,,,,Girona,41.9793006,2.8199439,,,,Imola,44.3535145,11.7141233,,,,El Oro de Hidalgo,19.8004734,-100.1299496,,,,Nottingham,52.9534193,-1.1496461,,,,Omuta,33.0299874,130.4433467,,,,Dallas,32.7762719,-96.7968559,,,,Caen,49.1828008,-0.3690815,,,,Kaliningrad,54.71666667,20.5
,,,Kingston,44.3054151,-76.4283781,,,,Granada,37.183054,-3.6021928,,,,La Spezia,44.107033,9.8282255,,,,Ensenada,30.1927661,-115.2314626,,,,Oldbury and Smethwick,52.5012103,-1.9796525,,,,Sagamihara,35.56559,139.236215,,,,Dayton,39.7589478,-84.1916069,,,,Calais,50.9488,1.87468,,,,Kaluga,54.51666667,36.26666667
,,,Kitchener,43.453168,-80.494423,,,,Huelva,37.2575874,-6.9484945,,,,Laquila,42.3489203,13.3979672,,,,Fresnillo,23.2249237,-103.0162891,,,,Plymouth,50.3712659,-4.1425658,,,,Sakai,34.529124,135.50156,,,,Denver,39.7392364,-104.9848623,,,,Chalons-en-Champagne,48.9566218,4.3628851,,,,Karagandy,49.8,73.1
,,,Lachine,45.4486969,-73.7110536,,,,Iruna,42.8184538,-1.6442556,,,,Latina,41.4672589,12.9035737,,,,Guanajuato,20.9876996,-101,,,,Poole,50.74018055,-1.953773835,,,,Sasebo,33.1799965,129.7152872,,,,Des Moines,41.5910641,-93.6037149,,,,Chalon-sur-Saone,46.7888997,4.8529605,,,,Kau0s,39.9,66.26
,,,Laval,45.60558895,-73.73441731,,,,Jaen,37.7728858,-3.7883289,,,,Lecce,40.3570373,18.1718482,,,,Hermosillo,29.0948207,-110.9692202,,,,Portsmouth,50.8036831,-1.075614,,,,Shizuoka,34.9332488,138.0955398,,,,El Paso,31.7600372,-106.487287,,,,Chambery,45.5662672,5.9203636,,,,Kazan,55.78333333,49.11666667
,,,Lethbridge,49.694285,-112.851562,,,,Jerez de la Frontera,36.6816936,-6.1377402,,,,Livorno,43.5507411,10.3091456,,,,Heroica Matamoros,31.3267701,-110.9513566,,,,Preston,53.7593363,-2.6992717,,,,Takamatsu,34.3425592,134.0465338,,,,Elizabeth,40.6639916,-74.2107006,,,,Charleville-Mezieres,49.7735712,4.7206939,,,,Kerch,45.36,36.47
,,,Levis,46.7910096,-71.1753274,,,,La Linea de la Concepcion,36.1677899,-5.3482396,,,,Lucca,43.8428381,10.502876,,,,Heroica Nogales,31.3078109,-110.9424823,,,,Rhondda,50.19383355,-5.42349135,,,,Tokushima,33.9196418,134.2509634,,,,Erie,42.1294712,-80.0852695,,,,Chartres,48.4438601,1.4881434,,,,Khabarovsk,48.48333333,135.0666667
,,,London,42.9537654,-81.2291529,,,,La Union,37.6215215,-0.8800506,,,,Mantova,45.1566683,10.7917191,,,,Heroica Zamora,30.6393333,-112.2678333,,,,Rotherham,53.4310417,-1.355187,,,,Toyama,36.6957569,137.2136215,,,,Evansville,37.9747645,-87.5558483,,,,Cherbourg-Octeville,49.6343606,-1.628568691,,,,Kharkiv,50,36.25
,,,Longueuil,45.5172382,-73.4467466,,,,Langreo,43.2955423,-5.6839733,,,,Marsala,37.7979221,12.4342091,,,,Heroica Zitacuaro,19.4344012,-100.355314,,,,Sandwell,52.5151278,-2.013562374,,,,Toyohashi,34.769123,137.391461,,,,Flint,43.0171773,-83.7236024,,,,Clermont-Ferrand,45.7774551,3.0819427,,,,Kherson,46.63,32.6
,,,Mississauga,43.590338,-79.645729,,,,Leon,42.5989995,-5.5682413,,,,Messina,38.1937571,15.5542082,,,,Hidalgo del Parral,27.11538475,-105.764288,,,,Sefton,53.5034122,-2.9714708,,,,Tsu,34.7341973,136.5153283,,,,Fort Wayne,41.0799898,-85.1386015,,,,Cluses,46.0603171,6.5804218,,,,Kiiv,50.43,30.52
,,,Moncton,46.097995,-64.80011,,,,Linares,38.0928249,-3.6343581,,,,Modena,44.6458885,10.9255707,,,,Huamantla,19.32333185,-97.91456649,,,,South Shields,54.9987414,-1.4321848,,,,Utsunomiya,36.5549677,139.8828776,,,,Fort Worth,32.753177,-97.3327459,,,,Colmar,48.0777517,7.3579641,,,,Kirov,58.6,49.65
,,,Moose Jaw,50.401515,-105.542908,,,,Linea de la Concepcion,36.1677899,-5.3482396,,,,Modica,36.8589209,14.7613018,,,,Iguala de la Independencia,18.1923169,-99.60236695,,,,Southampton,50.9137978,-1.399040483,,,,Wakayama,33.8070292,135.5930743,,,,Fresno,36.7295295,-119.7088613,,,,Compiegne,49.4179497,2.8263171,,,,Kokand,40.53,70.94
,,,Nanaimo,49.1637594,-123.9379719,,,,Lleida,41.6147605,0.6267842,,,,Monza,45.5834418,9.2735257,,,,Irapuato,20.6748936,-101.3885423,,,,Southend-on-Sea,51.54063195,0.716114673,,,,Yokkaichi,34.9648428,136.624845,,,,Gary,41.6021292,-87.3371372,,,,Creil,49.2607914,2.4733771,,,,Kolom0,37.59,68.66
,,,New Glasgow,45.5869474,-62.6483547,,,,Logrono,42.4661196,-2.4396676,,,,Novara,45.4464036,8.619655,,,,Jalapa,17.77080775,-92.80215156,,,,Stoke-on-Trent,53.0162014,-2.1812607,,,,,,,,,,Grand Rapids,42.9632405,-85.6678639,,,,Dijon,47.3215806,5.0414701,,,,Kramatorsk,48.72,37.53
,,,New Westminster,49.205728,-122.9108651,,,,Lorca,37.6715679,-1.6988053,,,,Padova,45.4077172,11.8734455,,,,Jiquilpan de Jimenez,19.9674259,-102.7518555,,,,Sunderland,54.9063791,-1.375053,,,,,,,,,,Greensboro,36.0726355,-79.7919754,,,,Douai - Lens,50.3861442,2.9800138,,,,Krasnodar,45.03333333,38.98333333
,,,Niagara Falls,43.100983,-79.115295,,,,Luarca,43.5439443,-6.5358435,,,,Parma,44.8013678,10.3280833,,,,La Paz,19.36376855,-98.9463136,,,,Swansea,51.6195955,-3.9459248,,,,,,,,,,Honolulu,21.304547,-157.8556764,,,,Draguignan,43.5374662,6.4627333,,,,Krasnoyarsk,56,92.93333333
,,,North York,43.7708175,-79.4132998,,,,Lugo,43.0462247,-7.4739921,,,,Pavia,45.1860043,9.1546375,,,,La Piedad - Penjamo,20.3691855,-101.9974856,,,,Wakefield,53.6829541,-1.4967286,,,,,,,,,,Indianapolis,39.7683331,-86.1583502,,,,Dunkerque,51.0347708,2.3772525,,,,Krivii Rig,47.92,33.35
,,,Oakville,43.447436,-79.666672,,,,Manresa,41.7288939,1.8286765,,,,Perugia,43.1119613,12.3890104,,,,La Piedad Cavadas,20.1716605,-102.0301081,,,,Walsall,52.5847949,-1.9822687,,,,,,,,,,Irvine,33.6856969,-117.8259819,,,,Epinal,48.1747684,6.4503643,,,,Kursk,51.71666667,36.18333333
,,,Oshawa,43.91768,-78.862953,,,,Mataro,41.5398348,2.4448926,,,,Pesaro,43.9098114,12.9131228,,,,Linares,24.85300565,-99.4103418,,,,Wirral,53.3409714,-3.0500916,,,,,,,,,,Jacksonville,30.3321838,-81.655651,,,,Forbach,49.1862822,6.8958562,,,,Liepeja,56.52,21.02
,,,Outremont,45.5186167,-73.6068856,,,,Melilla,35.2918698,-2.9409026,,,,Pescara,42.469613,14.2059269,,,,Los Mochis,25.78453485,-109.0032924,,,,Wolverhampton,52.5847651,-2.127567,,,,,,,,,,Jersey City,40.7281575,-74.0776417,,,,Frejus,43.4330308,6.7360182,,,,Lipetsk,52.61666667,39.6
,,,Peterborough,44.3048009,-78.3199496,,,,Mieres,42.1244124,2.6401122,,,,Piacenza,45.0534751,9.6947461,,,,Matehuala,23.52290375,-100.604046,,,,,,,,,,,,,,,,Kansas City,39.100105,-94.5781416,,,,Grenoble,45.1875602,5.7357819,,,,Lviv,49.84,24.03
,,,Prince George,53.9128645,-122.7453699,,,,Orihuela,38.0906911,-0.946613,,,,Pisa,43.7159395,10.4018624,,,,Mazatlan,23.2313053,-106.4153144,,,,,,,,,,,,,,,,Knoxville,35.9603948,-83.9210261,,,,La Rochelle,46.1591126,-1.1520434,,,,Mahachkala,42.98333333,47.48333333
,,,Regina,50.44876,-104.61731,,,,Ourense,42.1968459,-7.6114105,,,,Pistoia,43.9336213,10.9174238,,,,Merida,20.9670759,-89.6237402,,,,,,,,,,,,,,,,Las Vegas,36.1662859,-115.149225,,,,La Teste-de-Buch - Arcachon,44.6316943,-1.1491319,,,,Mikolaiv,49.52,23.98
,,,Richmond,49.163168,-123.137414,,,,Oviedo,43.3533424,-5.87951434,,,,Prato,43.880598,11.0969262,,,,Mexicali,32.6248622,-115.448325,,,,,,,,,,,,,,,,Lexington-Fayette,38.0464066,-84.4970393,,,,Laval,48.0710377,-0.7723499,,,,Minsk,53.9,27.57
,,,Saanich,48.4594315,-123.3764946,,,,Palencia,42.0108856,-4.5328735,,,,Ravenna,44.4161414,12.2017617,,,,Minatitlan,17.7052686,-94.38617333,,,,,,,,,,,,,,,,Lincoln,40.8,-96.667821,,,,Le Havre,49.4938975,0.1079732,,,,Mogilev,53.91,30.34
,,,Saguenay,48.405959,-71.069183,,,,Palma de Mallorca,39.5695818,2.6500745,,,,Reggio di Calabria,38.1035389,15.6397556,,,,Monclova,26.8999988,-101.4171173,,,,,,,,,,,,,,,,Long Beach,33.7690164,-118.1916048,,,,Le Mans,48.0073498,0.1967379,,,,Murmansk,68.96666667,33.08333333
,,,Saint Boniface,46.505246,-72.828712,,,,Palmas de Gran Canaria,28.128874,-15.4349448,,,,Reggio nellEmilia,44.6978446,10.6304958,,,,Morelia,19.7027116,-101.1923818,,,,,,,,,,,,,,,,Louisville,38.2542376,-85.759407,,,,Limoges,45.8354243,1.2644847,,,,Nberezhnye Tchelny,55.56666667,71.35
,,,Saint Catharines,43.167376,-79.241638,,,,Pamplona,42.8184538,-1.6442556,,,,Rimini,44.0593886,12.5684371,,,,Nueva Rosita,27.9378334,-101.2187489,,,,,,,,,,,,,,,,Lowell,42.6334247,-71.3161718,,,,Lorient,47.7477336,-3.3660907,,,,Nizhni-Novgorod,56.31666667,44
,,,Saint John,45.278752,-66.058044,,,,Pontevedra,42.6075172,-8.4714942,,,,Salerno,40.6803601,14.7594542,,,,Nuevo Laredo,27.4751071,-99.67691718,,,,,,,,,,,,,,,,Lubbock,33.5778631,-101.8551665,,,,Maubeuge,50.27964,3.9674154,,,,Nizhni-Tagil,57.91666667,59.96666667
,,,Saint Johns,47.561701,-52.715149,,,,Reus,41.1555564,1.1076133,,,,Sassari,40.7232643,8.5610074,,,,Oaxaca,17,-96.5,,,,,,,,,,,,,,,,Madison,43.074761,-89.3837613,,,,Meaux,48.9582708,2.8773541,,,,Novokuznetsk,53.75,87.11666667
,,,Saint-Hubert,45.5042755,-73.4216976,,,,Ronda,36.7421339,-5.1665916,,,,Sesto San Giovanni,45.5357218,9.2376549,,,,Ocotlan,20.3872033,-102.7336192,,,,,,,,,,,,,,,,Memphis,35.1490215,-90.0516285,,,,Metz,49.1196964,6.1763552,,,,Novomoskovsk,54.03333333,38.26666667
,,,Saint-Hyacinthe,45.627484,-72.940636,,,,Roquetas de Mar,36.7630203,-2.6115886,,,,Siena,43.3185536,11.3316533,,,,Orizaba,18.85923285,-97.11065374,,,,,,,,,,,,,,,,Miami,25.7742658,-80.1936589,,,,Montauban,44.0175835,1.3549991,,,,Novorosiisk,44.71666667,37.76666667
,,,Saint-Jerome,45.775426,-74.013176,,,,Sabadell,41.5421013,2.1138977,,,,Siracusa,37.0646139,15.2907196,,,,Pachuca,20.1165413,-98.7413535,,,,,,,,,,,,,,,,Milwaukee,43.0349931,-87.922497,,,,Montbeliard,47.5102368,6.7977564,,,,Novosibirsk,55.03333333,82.91666667
,,,Saint-Thomas,42.7792897,-81.1832518,,,,Salamanca,40.9651572,-5.6640182,,,,Taranto,40.4712427,17.2432278,,,,Papantla de Olarte,20.44583905,-97.32327495,,,,,,,,,,,,,,,,Minneapolis,44.9706705,-93.26821774,,,,Montpellier,43.6112422,3.8767337,,,,Odesa,46.47,30.73
,,,Sarnia,42.992595,-82.380981,,,,San Cristobal de la Laguna,28.4857715,-16.3159422,,,,Terni,42.5641417,12.6405466,,,,Piedras Negras,28.7019602,-100.5219222,,,,,,,,,,,,,,,,Mobile,30.6943566,-88.0430541,,,,Mulhouse,47.7494188,7.3399355,,,,Omsk,54.96666667,73.38333333
,,,Saskatoon,52.131802,-106.660767,,,,San Fernando,36.45787,-6.2048562,,,,Torre Annunziata,40.7525236,14.4550044,,,,Poza Rica,20.5320852,-97.4536355,,,,,,,,,,,,,,,,Montgomery,32.3669656,-86.3006485,,,,Nancy,48.6937223,6.1834097,,,,Orel,52.96666667,36.08333333
,,,Sault Sainte Marie,46.52391,-84.320068,,,,Sanlucar de Barrameda,36.7761393,-6.3534794,,,,Torre del Greco,40.7879211,14.3682813,,,,Puruandiro,20.1194479,-101.5406729,,,,,,,,,,,,,,,,Nashville-Davidson,36.1622296,-86.7743531,,,,Nantes,47.2186371,-1.5541362,,,,Penza,53.2,45.01666667
,,,Scarborough,43.773077,-79.257774,,,,Santa Cruz de Tenerife,28.469648,-16.2540884,,,,Trapani,38.0174321,12.515992,,,,Queretaro,20.8542575,-99.84756,,,,,,,,,,,,,,,,New Haven,41.3082138,-72.9250518,,,,Nevers,46.9876601,3.1577203,,,,Perm,58,56.25
,,,Sherbrooke,45.403271,-71.889038,,,,Santander,43.4620412,-3.8099719,,,,Trento,46.0664228,11.1257601,,,,Reynosa,25.8366364,-98.3708594,,,,,,,,,,,,,,,,New Orleans,29.9499323,-90.0701156,,,,Nimes,43.8374249,4.3600687,,,,Poltava,49.58,34.57
,,,Sorel,46.044404,-73.104744,,,,Santiago de Compostela,42.8804219,-8.5458608,,,,Trieste,45.6500335,13.7706559,,,,Rioverde,21.9792678,-100.2481973,,,,,,,,,,,,,,,,Newark,40.735657,-74.1723667,,,,Niort,46.3239455,-0.4645212,,,,Pyatigorsk,44.03333333,43.05
,,,St. Johns,47.561701,-52.715149,,,,Talavera de la Reina,39.9603798,-4.8311717,,,,Udine,46.0634632,13.2358377,,,,Rosario,28.04103125,-109.3514109,,,,,,,,,,,,,,,,Norfolk,36.8889933,-76.2481624,,,,Orleans,47.9027336,1.9086066,,,,Riga,56.95,24.1
,,,Stratford,46.2189935,-63.08765341,,,,Tarragona,41.1172364,1.2546057,,,,Venezia,45.4371908,12.3345898,,,,Salamanca,20.65232455,-101.1668416,,,,,,,,,,,,,,,,Oakland,37.8044557,-122.2713563,,,,Pau,43.2957547,-0.3685668,,,,Rostov-on-Don,47.23333333,39.71666667
,,,Sudbury,46.49272,-80.991211,,,,Telde,27.9984538,-15.4166761,,,,Verona,45.4384958,10.9924122,,,,Saltillo,25.4230425,-100.9927509,,,,,,,,,,,,,,,,Oklahoma City,35.4729886,-97.5170536,,,,Perigueux,45.1909365,0.7184407,,,,Ryazan,54.61666667,39.71666667
,,,Swift Current,50.285829,-107.800598,,,,Terrassa,41.5629885,2.0102442,,,,Vicenza,45.5488306,11.5478825,,,,San Cristobal de las Casas,16.6835469,-92.61551842,,,,,,,,,,,,,,,,Omaha,41.2587459,-95.9383758,,,,Perpignan,42.6985304,2.8953121,,,,Samara,53.18333333,50.11666667
,,,Sydney,46.137977,-60.194092,,,,Tineo,43.3092753,-6.491952249,,,,Vigevano,45.3170942,8.858603,,,,San Francisco del Rincon,20.92484015,-101.7983288,,,,,,,,,,,,,,,,Paterson,40.9167654,-74.171811,,,,Poitiers,46.5802596,0.340196,,,,Samarkand,39.65,66.96
,,,Thetford Mines,46.091329,-71.30127,,,,Toledo,39.8560679,-4.0239568,,,,,,,,,,San Luis Potosi,22.5000001,-100.5000001,,,,,,,,,,,,,,,,Peoria,40.6938609,-89.5891008,,,,Quimper,47.9960325,-4.1024782,,,,Saratov,51.53333333,46
,,,Thunder Bay,48.406414,-89.259796,,,,Tortosa,40.8110158,0.5209333,,,,,,,,,,San Miguel de Allende,20.9139025,-100.744012,,,,,,,,,,,,,,,,Phoenix,33.4485866,-112.0773456,,,,Reims,49.2577886,4.031926,,,,Sevastopol,44.6,33.53
,,,Timmins,48.477473,-81.330414,,,,Utrera,37.1824646,-5.7817506,,,,,,,,,,Silao,20.943727,-101.427043,,,,,,,,,,,,,,,,Pittsburgh,40.4416941,-79.9900861,,,,Rennes,48.1113387,-1.6800198,,,,SovietEpoch,55.08333333,21.88333333
,,,Trois-Rivieres,46.3507999,-72.5571257,,,,Valdes,43.4846197,-6.471550948,,,,,,,,,,Tampico,22.2329889,-97.8614802,,,,,,,,,,,,,,,,Plano,33.0136764,-96.6925096,,,,Roanne,46.0345572,4.0729178,,,,Tallinn,59.43333333,24.75
,,,Verdun,45.4603893,-73.5651925,,,,Valladolid,41.6521328,-4.728562,,,,,,,,,,Tapachula,14.92746,-92.3223122,,,,,,,,,,,,,,,,Portland,45.5202471,-122.6741949,,,,Rouen,49.4404591,1.0939658,,,,Tambov,52.71666667,41.43333333
,,,Victoria,48.4283182,-123.3649533,,,,Velez-Malaga,36.7818408,-4.0988568,,,,,,,,,,Tehuacan,18.46580115,-97.3978348,,,,,,,,,,,,,,,,Providence,41.8239891,-71.4128343,,,,Saint-Brieuc,48.5141594,-2.7602707,,,,Tartu,58.38333333,26.71666667
,,,Waterloo,43.466874,-80.524635,,,,Vigo,42.1964491,-8.7117809,,,,,,,,,,Tehuantepec - Salina Cruz,16.2161458,-95.1972137,,,,,,,,,,,,,,,,Richmond,37.5385087,-77.43428,,,,Saint-Etienne,45.4401467,4.3873058,,,,Tashkent,41.32,69.25
,,,Westmount,45.4857329,-73.5963951,,,,Vitoria-Gasteiz,42.8465088,-2.6724025,,,,,,,,,,Tepic,21.5044414,-104.8946667,,,,,,,,,,,,,,,,Rochester,43.157285,-77.615214,,,,Saint-Just-Saint-Rambert,45.5005319,4.2440138,,,,Tbilisi,41.73,44.79
,,,Windsor,42.30423,-83.029861,,,,Yecla,38.6136138,-1.1156761,,,,,,,,,,Teziutlan,19.87399265,-97.37156287,,,,,,,,,,,,,,,,Rockford,42.2713945,-89.093966,,,,Saint-Nazaire,45.2566002,5.8490243,,,,Tiraspol,46.84,29.64
,,,Yarmouth,43.8553447,-65.9143055,,,,Zamora,41.5056574,-5.7448039,,,,,,,,,,Tijuana,32.5010188,-116.9646629,,,,,,,,,,,,,,,,Sacramento,38.5815719,-121.4943996,,,,Saint-Quentin,49.8465253,3.2876843,,,,Toljatti,53.51666667,49.41666667
,,,,,,,,,,,,,,,,,,,,,Tlaxcala - Apizaco,19.3987367,-98.1333391,,,,,,,,,,,,,,,,Saint Paul,44.9504037,-93.1015026,,,,Sete,43.4014434,3.6959771,,,,Tomsk,56.5,84.96666667
,,,,,,,,,,,,,,,,,,,,,Toluca,19.292545,-99.6569007,,,,,,,,,,,,,,,,Saint Petersburg,27.7703796,-82.6695085,,,,Strasbourg,48.584614,7.7507127,,,,Tula,54.2,37.61666667
,,,,,,,,,,,,,,,,,,,,,Tuxpam,18.8817913,-97.1081611,,,,,,,,,,,,,,,,Salt Lake City,40.7670126,-111.8904308,,,,Tarbes,43.232858,0.0781021,,,,Tver,56.86666667,35.9
,,,,,,,,,,,,,,,,,,,,,Tuxtla Gutierrez,16.74521845,-93.14180864,,,,,,,,,,,,,,,,San Antonio,29.4246002,-98.4951405,,,,Thionville,49.3579272,6.1675872,,,,Ufa,54.73333333,55.96666667
,,,,,,,,,,,,,,,,,,,,,Uruapan,19.40604335,-102.03429,,,,,,,,,,,,,,,,San Diego,32.7174209,-117.1627714,,,,Toulon,43.1257311,5.9304919,,,,Ulianovsk,54.31666667,48.38333333
,,,,,,,,,,,,,,,,,,,,,Valle de Santiago,20.3968029,-101.2585342,,,,,,,,,,,,,,,,San Francisco,37.7792808,-122.4192363,,,,Toulouse,43.6044622,1.4442469,,,,Vilnius,54.68,25.32
,,,,,,,,,,,,,,,,,,,,,Veracruz,19.333333,-96.666667,,,,,,,,,,,,,,,,San Jose,37.3361905,-121.8905833,,,,Tours,47.3900474,0.6889268,,,,Vilopollya,51.15,34.3
,,,,,,,,,,,,,,,,,,,,,Villahermosa,20.738333,-98.0725,,,,,,,,,,,,,,,,Santa Ana,33.7494951,-117.8732213,,,,Troyes,48.2971626,4.0746257,,,,Vitebsk,55.19,30.19
,,,,,,,,,,,,,,,,,,,,,Xalapa,19.5408338,-96.9146374,,,,,,,,,,,,,,,,Savannah,32.0809263,-81.0911768,,,,Valence,44.9332277,4.8920811,,,,Vladivostok,43.11666667,131.9
,,,,,,,,,,,,,,,,,,,,,Zacatecas - Guadalupe,22.824711,-102.4049183,,,,,,,,,,,,,,,,Seattle,47.6038321,-122.3300624,,,,Valenciennes,50.3579317,3.5234846,,,,Volgograd,48.7,44.48333333
,,,,,,,,,,,,,,,,,,,,,Zapotlanejo,20.6396569,-103.0515186,,,,,,,,,,,,,,,,Shreveport,32.5221828,-93.7651944,,,,Vichy,46.1239268,3.4203712,,,,Voljsk,52.05,47.38333333
,,,,,,,,,,,,,,,,,,,,,,,,,,,,,,,,,,,,,,,South Bend,41.6833813,-86.2500066,,,,Vienne,46.61211655,0.46540701,,,,Vologda,59.21666667,39.9
,,,,,,,,,,,,,,,,,,,,,,,,,,,,,,,,,,,,,,,Spokane,47.6579425,-117.4212265,,,,,,,,,,Voronezh,51.66666667,39.18333333
,,,,,,,,,,,,,,,,,,,,,,,,,,,,,,,,,,,,,,,Springfield,39.7990175,-89.6439575,,,,,,,,,,Yaroslavl,57.63333333,39.86666667
,,,,,,,,,,,,,,,,,,,,,,,,,,,,,,,,,,,,,,,Syracuse,43.0481221,-76.1474244,,,,,,,,,,Zaporizhzha,47.82,35.18
,,,,,,,,,,,,,,,,,,,,,,,,,,,,,,,,,,,,,,,Tacoma,47.2495798,-122.4398746,,,,,,,,,,,,
,,,,,,,,,,,,,,,,,,,,,,,,,,,,,,,,,,,,,,,Tampa,27.9477595,-82.458444,,,,,,,,,,,,
,,,,,,,,,,,,,,,,,,,,,,,,,,,,,,,,,,,,,,,Toledo,41.6786754,-83.5127283,,,,,,,,,,,,
,,,,,,,,,,,,,,,,,,,,,,,,,,,,,,,,,,,,,,,Tucson,32.2218917,-110.9262353,,,,,,,,,,,,
,,,,,,,,,,,,,,,,,,,,,,,,,,,,,,,,,,,,,,,Tulsa,36.1556805,-95.9929113,,,,,,,,,,,,
,,,,,,,,,,,,,,,,,,,,,,,,,,,,,,,,,,,,,,,Virginia Beach,36.7953025,-76.05092512,,,,,,,,,,,,
,,,,,,,,,,,,,,,,,,,,,,,,,,,,,,,,,,,,,,,Washington,38.8948932,-77.0365529,,,,,,,,,,,,
,,,,,,,,,,,,,,,,,,,,,,,,,,,,,,,,,,,,,,,Wichita,37.6922361,-97.3375448,,,,,,,,,,,,
,,,,,,,,,,,,,,,,,,,,,,,,,,,,,,,,,,,,,,,Worcester,42.2625932,-71.8022934,,,,,,,,,,,,
,,,,,,,,,,,,,,,,,,,,,,,,,,,,,,,,,,,,,,,Yonkers,40.9312099,-73.8987469,,,,,,,,,,,,
,,,,,,,,,,,,,,,,,,,,,,,,,,,,,,,,,,,,,,,Youngstown,41.1035786,-80.6520161,,,,,,,,,,,,
