,city,1901,city.1,1911,city.2,1921,city.3,1931,city.4,1941,city.5,1951,city.6,c1961,city.7,c1971,city.8,c1981,city.9,c1991,city.10,2002,city.11,2011
Montreal,0.0,267714.0,0.0,470590.0,0.0,618555.0,0.0,818666.0,0.0,903058.0,0.0,1094419.0,0.0,2157943.0,0.0,2808595.0,1.0,2923264.0,1.0,3209116.0,1.0,3654167.0,1.0,4031844.0
Toronto,1.0,208083.0,1.0,376524.0,1.0,521928.0,1.0,631201.0,1.0,667516.0,1.0,662132.0,1.0,1824506.0,1.0,2609638.0,0.0,3498967.0,0.0,4293065.0,0.0,5004011.0,0.0,5852602.0
Quebec,2.0,68845.0,6.0,78722.0,6.0,95224.0,4.0,130643.0,7.0,150855.0,9.0,167023.0,7.0,357634.0,8.0,476226.0,6.0,619763.0,5.0,708728.0,9.0,476330.0,6.0,783564.0
Ottawa,3.0,59917.0,4.0,87116.0,5.0,107894.0,5.0,126964.0,6.0,155059.0,6.0,215195.0,5.0,429872.0,4.0,596295.0,3.0,793315.0,3.0,956743.0,3.0,1126321.0,3.0,1303536.0
Hamilton,4.0,52638.0,5.0,82096.0,4.0,114227.0,7.0,115599.0,5.0,166324.0,5.0,237708.0,6.0,395294.0,7.0,495913.0,9.0,529406.0,8.0,643286.0,6.0,697023.0,8.0,748208.0
Winnipeg,5.0,42375.0,2.0,136052.0,2.0,179196.0,3.0,218830.0,3.0,222053.0,4.0,256739.0,4.0,476031.0,5.0,534775.0,7.0,584836.0,7.0,652417.0,7.0,619540.0,7.0,756937.0
Halifax,6.0,40822.0,8.0,46699.0,10.0,58482.0,12.0,59340.0,11.0,70570.0,14.0,90956.0,10.0,183936.0,17.0,220438.0,16.0,277756.0,16.0,325526.0,13.0,374410.0,12.0,404389.0
St. Johns,7.0,40740.0,11.0,42583.0,11.0,47207.0,14.0,47506.0,15.0,51754.0,22.0,56780.0,19.0,95641.0,23.0,131875.0,23.0,154808.0,27.0,174286.0,26.0,177681.0,18.0,204542.0
London,8.0,38090.0,9.0,46393.0,9.0,61052.0,9.0,71041.0,10.0,78395.0,13.0,100671.0,11.0,181353.0,12.0,284548.0,15.0,283729.0,12.0,419584.0,10.0,458586.0,10.0,439584.0
Saint Johns,9.0,29682.0,12.0,32300.0,15.0,37451.0,16.0,42642.0,19.0,41599.0,-1.0,0.0,22.0,90844.0,-1.0,0.0,-1.0,0.0,-1.0,0.0,-1.0,0.0,-1.0,0.0
Edmonton,10.0,27034.0,7.0,49973.0,7.0,88870.0,6.0,119267.0,4.0,173846.0,3.0,324031.0,3.0,537695.0,3.0,690853.0,4.0,657127.0,6.0,700471.0,5.0,984555.0,5.0,1234370.0
Vancouver,11.0,26111.0,3.0,100445.0,3.0,117249.0,2.0,246654.0,2.0,275444.0,2.0,362005.0,2.0,790263.0,2.0,1071143.0,2.0,1468211.0,2.0,1857766.0,2.0,2098170.0,2.0,2419030.0
Victoria,12.0,20869.0,13.0,31758.0,13.0,38723.0,18.0,39108.0,16.0,44130.0,23.0,52967.0,13.0,154226.0,18.0,197221.0,18.0,246527.0,19.0,308159.0,16.0,328301.0,14.0,358422.0
Kingston,13.0,18070.0,22.0,18059.0,24.0,21895.0,27.0,23437.0,28.0,30112.0,29.0,48067.0,30.0,63487.0,42.0,77009.0,33.0,115020.0,32.0,136450.0,33.0,154919.0,24.0,164326.0
Brantford,14.0,15799.0,17.0,23008.0,18.0,29430.0,21.0,30156.0,24.0,31973.0,25.0,51653.0,34.0,56779.0,50.0,65081.0,44.0,90939.0,45.0,113674.0,39.0,129629.0,29.0,139845.0
Windsor,15.0,12018.0,23.0,18053.0,14.0,38641.0,10.0,63136.0,8.0,105339.0,11.0,120597.0,9.0,193405.0,14.0,258600.0,19.0,246135.0,20.0,279666.0,20.0,209220.0,15.0,329884.0
Charlottetown,16.0,11476.0,37.0,11213.0,44.0,12362.0,52.0,12459.0,56.0,14564.0,88.0,16442.0,91.0,19057.0,97.0,32063.0,83.0,45069.0,87.0,57589.0,84.0,62539.0,51.0,68154.0
Hull,17.0,11309.0,21.0,18191.0,20.0,24111.0,22.0,29412.0,22.0,32935.0,28.0,48989.0,33.0,56905.0,55.0,62823.0,74.0,56282.0,85.0,60734.0,80.0,66246.0,-1.0,0.0
Guelph,18.0,10676.0,29.0,14432.0,29.0,18188.0,32.0,21113.0,35.0,23353.0,39.0,35027.0,40.0,43784.0,45.0,72973.0,43.0,91216.0,44.0,114021.0,38.0,131172.0,27.0,147992.0
Saint-Thomas,19.0,10409.0,32.0,13253.0,34.0,16097.0,45.0,15471.0,47.0,17118.0,78.0,19046.0,81.0,22561.0,-1.0,0.0,-1.0,0.0,-1.0,0.0,-1.0,0.0,73.0,40973.0
Sherbrooke,20.0,10107.0,19.0,18458.0,21.0,23580.0,23.0,28976.0,20.0,36002.0,20.0,62615.0,23.0,89451.0,28.0,111813.0,29.0,139767.0,26.0,174709.0,23.0,185838.0,17.0,206578.0
Trois-Rivieres,21.0,10083.0,26.0,16260.0,23.0,22437.0,19.0,35512.0,18.0,42097.0,26.0,50234.0,24.0,83726.0,33.0,97936.0,36.0,111523.0,33.0,136373.0,36.0,143138.0,26.0,153875.0
Belleville,22.0,9975.0,38.0,11102.0,46.0,12229.0,49.0,13853.0,52.0,15714.0,68.0,20529.0,55.0,30751.0,88.0,35239.0,-1.0,0.0,-1.0,0.0,60.0,84098.0,34.0,104710.0
Sydney,23.0,9933.0,24.0,17707.0,22.0,23180.0,30.0,22537.0,31.0,28351.0,42.0,31798.0,18.0,106101.0,36.0,91216.0,45.0,87557.0,42.0,116125.0,-1.0,0.0,-1.0,0.0
Peterborough,24.0,9732.0,20.0,18360.0,26.0,21088.0,31.0,22304.0,25.0,31604.0,31.0,45148.0,28.0,64498.0,39.0,80622.0,39.0,100778.0,46.0,111976.0,45.0,116736.0,32.0,122472.0
Saskatoon,25.0,9639.0,34.0,12048.0,19.0,25797.0,17.0,41772.0,17.0,43083.0,18.0,70801.0,16.0,112732.0,25.0,126499.0,25.0,154242.0,24.0,210054.0,19.0,232779.0,16.0,280764.0
Stratford,26.0,9506.0,-1.0,0.0,33.0,16100.0,40.0,17729.0,49.0,17014.0,73.0,19878.0,88.0,20533.0,-1.0,0.0,-1.0,0.0,-1.0,0.0,-1.0,0.0,83.0,30516.0
Moncton,27.0,9050.0,36.0,11368.0,31.0,17568.0,33.0,20753.0,37.0,22825.0,38.0,35610.0,35.0,55831.0,47.0,71420.0,41.0,98447.0,41.0,119352.0,44.0,123776.0,28.0,142812.0
Woodstock,28.0,8822.0,-1.0,0.0,-1.0,0.0,-1.0,0.0,-1.0,0.0,81.0,18219.0,89.0,20500.0,-1.0,0.0,-1.0,0.0,-1.0,0.0,-1.0,0.0,76.0,37443.0
Brockville,29.0,8812.0,-1.0,0.0,55.0,10001.0,58.0,9791.0,73.0,11367.0,-1.0,0.0,99.0,17731.0,-1.0,0.0,-1.0,0.0,-1.0,0.0,-1.0,0.0,-1.0,0.0
Sarnia,30.0,8292.0,35.0,11627.0,37.0,14963.0,39.0,18296.0,43.0,18735.0,32.0,43118.0,31.0,61331.0,41.0,78424.0,47.0,84043.0,57.0,87970.0,63.0,79637.0,38.0,99547.0
Cambridge,31.0,7560.0,-1.0,0.0,41.0,13282.0,47.0,14025.0,55.0,15320.0,60.0,23641.0,66.0,27814.0,52.0,64100.0,51.0,77296.0,54.0,92845.0,47.0,110372.0,-1.0,0.0
Owen Sound,32.0,7540.0,-1.0,0.0,45.0,12253.0,51.0,12867.0,60.0,14067.0,86.0,16712.0,-1.0,0.0,-1.0,0.0,-1.0,0.0,-1.0,0.0,-1.0,0.0,-1.0,0.0
Galt,33.0,7506.0,-1.0,0.0,-1.0,0.0,-1.0,0.0,54.0,15358.0,59.0,23647.0,65.0,27892.0,77.0,38903.0,-1.0,0.0,-1.0,0.0,-1.0,0.0,-1.0,0.0
Waterloo,34.0,7385.0,-1.0,0.0,-1.0,0.0,-1.0,0.0,86.0,9070.0,90.0,16330.0,86.0,21411.0,79.0,37934.0,79.0,49409.0,71.0,71256.0,59.0,86543.0,-1.0,0.0
Levis,35.0,7351.0,-1.0,0.0,53.0,10505.0,54.0,11759.0,69.0,12083.0,-1.0,0.0,-1.0,0.0,-1.0,0.0,-1.0,0.0,-1.0,0.0,-1.0,0.0,-1.0,0.0
Thunder Bay,36.0,7211.0,15.0,27719.0,16.0,35478.0,15.0,46180.0,14.0,55078.0,17.0,76673.0,21.0,93331.0,29.0,111590.0,32.0,121432.0,40.0,124465.0,42.0,126844.0,31.0,125024.0
Saint-Hyacinthe,37.0,7076.0,42.0,9029.0,50.0,10982.0,50.0,13416.0,44.0,17867.0,70.0,20364.0,53.0,31738.0,75.0,39735.0,90.0,38249.0,93.0,50190.0,98.0,50390.0,63.0,47289.0
New Westminster,38.0,6767.0,18.0,20045.0,39.0,14512.0,41.0,17524.0,38.0,22016.0,43.0,31446.0,50.0,33753.0,73.0,42179.0,88.0,38667.0,-1.0,0.0,92.0,54656.0,-1.0,0.0
Sorel,39.0,6765.0,-1.0,0.0,-1.0,0.0,-1.0,0.0,68.0,12307.0,89.0,16368.0,62.0,28905.0,89.0,34588.0,-1.0,0.0,-1.0,0.0,-1.0,0.0,-1.0,0.0
Cornwall,40.0,6764.0,-1.0,0.0,-1.0,0.0,-1.0,0.0,59.0,14151.0,83.0,18002.0,41.0,43603.0,66.0,47103.0,76.0,53437.0,89.0,53551.0,99.0,49640.0,54.0,60554.0
Fredericton,41.0,6582.0,46.0,7278.0,62.0,8170.0,61.0,8847.0,79.0,10135.0,82.0,18092.0,75.0,24855.0,80.0,37730.0,64.0,64400.0,70.0,71973.0,-1.0,0.0,57.0,56663.0
Nanaimo,42.0,6508.0,43.0,8292.0,57.0,9113.0,65.0,6756.0,66.0,12423.0,94.0,15257.0,98.0,18091.0,78.0,38816.0,72.0,57794.0,67.0,73559.0,62.0,80993.0,37.0,101242.0
Yarmouth,43.0,6420.0,49.0,6612.0,66.0,7183.0,-1.0,0.0,-1.0,0.0,-1.0,0.0,-1.0,0.0,-1.0,0.0,-1.0,0.0,-1.0,0.0,-1.0,0.0,-1.0,0.0
Dartmouth,44.0,6330.0,-1.0,0.0,63.0,7970.0,60.0,9142.0,75.0,10820.0,72.0,20004.0,38.0,47007.0,53.0,64002.0,67.0,62391.0,79.0,67891.0,-1.0,0.0,-1.0,0.0
Chatham,45.0,6248.0,39.0,9821.0,40.0,13395.0,48.0,14013.0,46.0,17426.0,64.0,22205.0,58.0,29875.0,87.0,35344.0,86.0,41041.0,-1.0,0.0,48.0,107341.0,66.0,44676.0
Lindsay,46.0,6193.0,-1.0,0.0,-1.0,0.0,-1.0,0.0,93.0,8497.0,-1.0,0.0,-1.0,0.0,-1.0,0.0,-1.0,0.0,-1.0,0.0,-1.0,0.0,-1.0,0.0
Truro,47.0,6054.0,53.0,6159.0,65.0,7683.0,-1.0,0.0,78.0,10317.0,-1.0,0.0,-1.0,0.0,-1.0,0.0,-1.0,0.0,-1.0,0.0,-1.0,0.0,-1.0,0.0
Barrie,48.0,5681.0,51.0,6420.0,67.0,6936.0,62.0,7736.0,81.0,9748.0,65.0,21858.0,47.0,36430.0,59.0,60717.0,38.0,101196.0,37.0,126495.0,28.0,161642.0,19.0,194432.0
Salaberry-de-Valleyfield,49.0,5565.0,-1.0,0.0,-1.0,0.0,-1.0,0.0,48.0,17102.0,61.0,23558.0,57.0,29882.0,81.0,37473.0,-1.0,0.0,-1.0,0.0,-1.0,0.0,75.0,38323.0
Dawson,51.0,5077.0,61.0,3041.0,85.0,1088.0,79.0,855.0,-1.0,0.0,-1.0,0.0,-1.0,0.0,-1.0,0.0,-1.0,0.0,-1.0,0.0,-1.0,0.0,-1.0,0.0
Esquimalt,52.0,5020.0,-1.0,0.0,-1.0,0.0,-1.0,0.0,-1.0,0.0,-1.0,0.0,-1.0,0.0,-1.0,0.0,-1.0,0.0,-1.0,0.0,-1.0,0.0,-1.0,0.0
Collingwood,53.0,4982.0,-1.0,0.0,-1.0,0.0,-1.0,0.0,-1.0,0.0,-1.0,0.0,-1.0,0.0,-1.0,0.0,-1.0,0.0,-1.0,0.0,-1.0,0.0,-1.0,0.0
Cobourg,54.0,4852.0,-1.0,0.0,-1.0,0.0,-1.0,0.0,-1.0,0.0,-1.0,0.0,-1.0,0.0,-1.0,0.0,-1.0,0.0,-1.0,0.0,-1.0,0.0,-1.0,0.0
Niagara Falls,55.0,4648.0,40.0,9742.0,38.0,14837.0,35.0,19088.0,40.0,20649.0,35.0,37966.0,27.0,75932.0,24.0,126554.0,20.0,210923.0,15.0,351539.0,12.0,394772.0,11.0,404524.0
Pembroke,56.0,4473.0,-1.0,0.0,-1.0,0.0,-1.0,0.0,74.0,11249.0,95.0,15240.0,92.0,18860.0,-1.0,0.0,-1.0,0.0,-1.0,0.0,-1.0,0.0,-1.0,0.0
Brandon,57.0,4340.0,45.0,7570.0,36.0,15477.0,42.0,17188.0,45.0,17632.0,55.0,24632.0,63.0,28277.0,-1.0,0.0,99.0,36240.0,-1.0,0.0,-1.0,0.0,64.0,45624.0
Calgary,58.0,4290.0,10.0,43703.0,8.0,63312.0,8.0,83879.0,9.0,88927.0,7.0,177938.0,8.0,279183.0,9.0,403326.0,5.0,626020.0,4.0,768650.0,4.0,1007469.0,4.0,1300352.0
Port Hope,59.0,4227.0,-1.0,0.0,-1.0,0.0,-1.0,0.0,-1.0,0.0,-1.0,0.0,-1.0,0.0,-1.0,0.0,-1.0,0.0,-1.0,0.0,-1.0,0.0,-1.0,0.0
Ingersoll,60.0,4224.0,-1.0,0.0,-1.0,0.0,-1.0,0.0,-1.0,0.0,-1.0,0.0,-1.0,0.0,-1.0,0.0,-1.0,0.0,-1.0,0.0,-1.0,0.0,-1.0,0.0
Trenton,61.0,4213.0,-1.0,0.0,-1.0,0.0,-1.0,0.0,94.0,8331.0,-1.0,0.0,-1.0,0.0,-1.0,0.0,-1.0,0.0,-1.0,0.0,-1.0,0.0,-1.0,0.0
Aylmer,62.0,4185.0,-1.0,0.0,-1.0,0.0,-1.0,0.0,-1.0,0.0,-1.0,0.0,-1.0,0.0,-1.0,0.0,-1.0,0.0,-1.0,0.0,-1.0,0.0,-1.0,0.0
Oshawa,63.0,4173.0,44.0,8049.0,47.0,11925.0,28.0,23401.0,29.0,28848.0,27.0,50186.0,25.0,80968.0,27.0,120395.0,24.0,154292.0,21.0,250167.0,18.0,315099.0,13.0,372378.0
Portage la Prairie,64.0,3932.0,54.0,5904.0,68.0,6517.0,-1.0,0.0,-1.0,0.0,-1.0,0.0,-1.0,0.0,-1.0,0.0,-1.0,0.0,-1.0,0.0,-1.0,0.0,-1.0,0.0
Lachine,65.0,3869.0,-1.0,0.0,35.0,15487.0,37.0,18618.0,42.0,20147.0,40.0,34383.0,46.0,38625.0,68.0,44491.0,94.0,37511.0,-1.0,0.0,-1.0,0.0,-1.0,0.0
New Glasgow,66.0,3833.0,50.0,6460.0,58.0,9013.0,-1.0,0.0,85.0,9248.0,-1.0,0.0,84.0,22017.0,-1.0,0.0,-1.0,0.0,-1.0,0.0,-1.0,0.0,-1.0,0.0
Orillia,67.0,3709.0,-1.0,0.0,-1.0,0.0,-1.0,0.0,80.0,9894.0,-1.0,0.0,96.0,18271.0,-1.0,0.0,-1.0,0.0,-1.0,0.0,-1.0,0.0,82.0,30546.0
Lauzon,68.0,3691.0,-1.0,0.0,-1.0,0.0,-1.0,0.0,-1.0,0.0,-1.0,0.0,-1.0,0.0,-1.0,0.0,-1.0,0.0,-1.0,0.0,-1.0,0.0,-1.0,0.0
Dundas,69.0,3625.0,-1.0,0.0,-1.0,0.0,-1.0,0.0,-1.0,0.0,-1.0,0.0,-1.0,0.0,-1.0,0.0,-1.0,0.0,-1.0,0.0,-1.0,0.0,-1.0,0.0
Joliette,70.0,3444.0,-1.0,0.0,-1.0,0.0,-1.0,0.0,64.0,12749.0,84.0,16917.0,83.0,22294.0,-1.0,0.0,-1.0,0.0,-1.0,0.0,-1.0,0.0,70.0,42850.0
Newcastle,71.0,3053.0,-1.0,0.0,-1.0,0.0,-1.0,0.0,-1.0,0.0,-1.0,0.0,-1.0,0.0,-1.0,0.0,-1.0,0.0,96.0,49598.0,-1.0,0.0,-1.0,0.0
Cote-Saint-Luc,72.0,3040.0,-1.0,0.0,-1.0,0.0,-1.0,0.0,-1.0,0.0,-1.0,0.0,-1.0,0.0,-1.0,0.0,-1.0,0.0,-1.0,0.0,-1.0,0.0,-1.0,0.0
Saint-Jerome,73.0,2981.0,60.0,3130.0,79.0,3328.0,69.0,5532.0,72.0,11386.0,66.0,20668.0,61.0,29119.0,86.0,35374.0,84.0,43569.0,92.0,51764.0,88.0,59614.0,50.0,69598.0
Richmond Hill,74.0,2956.0,-1.0,0.0,-1.0,0.0,-1.0,0.0,-1.0,0.0,-1.0,0.0,-1.0,0.0,96.0,32411.0,92.0,37874.0,60.0,80191.0,37.0,132030.0,-1.0,0.0
Summerside,75.0,2927.0,62.0,2772.0,80.0,3256.0,-1.0,0.0,-1.0,0.0,-1.0,0.0,-1.0,0.0,-1.0,0.0,-1.0,0.0,-1.0,0.0,-1.0,0.0,-1.0,0.0
Whitby,76.0,2879.0,-1.0,0.0,74.0,4170.0,71.0,5346.0,-1.0,0.0,-1.0,0.0,-1.0,0.0,-1.0,0.0,98.0,36736.0,84.0,61329.0,56.0,87413.0,-1.0,0.0
Wallaceburg,77.0,2809.0,-1.0,0.0,-1.0,0.0,-1.0,0.0,-1.0,0.0,-1.0,0.0,-1.0,0.0,-1.0,0.0,-1.0,0.0,-1.0,0.0,-1.0,0.0,-1.0,0.0
Simcoe,78.0,2702.0,-1.0,0.0,-1.0,0.0,-1.0,0.0,-1.0,0.0,-1.0,0.0,-1.0,0.0,-1.0,0.0,-1.0,0.0,-1.0,0.0,-1.0,0.0,-1.0,0.0
Regina,79.0,2652.0,14.0,30213.0,17.0,34475.0,13.0,53218.0,13.0,58236.0,15.0,88881.0,15.0,126722.0,21.0,139028.0,22.0,164394.0,25.0,191720.0,25.0,178225.0,20.0,192079.0
Renfrew,80.0,2607.0,-1.0,0.0,-1.0,0.0,-1.0,0.0,-1.0,0.0,-1.0,0.0,-1.0,0.0,-1.0,0.0,-1.0,0.0,-1.0,0.0,-1.0,0.0,-1.0,0.0
Glace Bay,81.0,2531.0,25.0,16605.0,32.0,17076.0,34.0,20721.0,34.0,25154.0,58.0,24136.0,77.0,24258.0,72.0,43584.0,-1.0,0.0,-1.0,0.0,-1.0,0.0,-1.0,0.0
Sydney Mines,82.0,2526.0,-1.0,0.0,61.0,8381.0,-1.0,0.0,95.0,8282.0,-1.0,0.0,-1.0,0.0,90.0,34097.0,-1.0,0.0,-1.0,0.0,-1.0,0.0,-1.0,0.0
Saguenay,83.0,2364.0,55.0,5880.0,59.0,8937.0,53.0,11921.0,51.0,15975.0,63.0,23111.0,14.0,133294.0,22.0,131924.0,21.0,185426.0,28.0,160947.0,29.0,160973.0,25.0,161163.0
Newmarket,84.0,2192.0,-1.0,0.0,-1.0,0.0,-1.0,0.0,-1.0,0.0,-1.0,0.0,-1.0,0.0,-1.0,0.0,-1.0,0.0,-1.0,0.0,81.0,65788.0,-1.0,0.0
Magog,85.0,2131.0,-1.0,0.0,-1.0,0.0,-1.0,0.0,87.0,9051.0,-1.0,0.0,-1.0,0.0,-1.0,0.0,-1.0,0.0,-1.0,0.0,-1.0,0.0,-1.0,0.0
Riviere du Loup,86.0,2128.0,-1.0,0.0,-1.0,0.0,-1.0,0.0,90.0,8752.0,-1.0,0.0,-1.0,0.0,-1.0,0.0,-1.0,0.0,-1.0,0.0,-1.0,0.0,-1.0,0.0
Brampton,87.0,2122.0,-1.0,0.0,-1.0,0.0,-1.0,0.0,-1.0,0.0,-1.0,0.0,94.0,18553.0,44.0,73602.0,27.0,149036.0,23.0,234426.0,17.0,325428.0,-1.0,0.0
Lethbridge,88.0,2072.0,33.0,12073.0,49.0,11198.0,56.0,10950.0,50.0,16568.0,44.0,31194.0,42.0,41472.0,61.0,51840.0,63.0,64889.0,59.0,81021.0,52.0,100238.0,33.0,111299.0
Saint-Jean-sur-Richelieu,89.0,2046.0,48.0,6721.0,48.0,11396.0,55.0,11396.0,61.0,13694.0,57.0,24254.0,49.0,34640.0,65.0,48064.0,69.0,60789.0,76.0,68497.0,67.0,75149.0,46.0,81802.0
Sudbury,90.0,2027.0,59.0,4150.0,60.0,8621.0,38.0,18554.0,23.0,32200.0,30.0,46040.0,17.0,110748.0,19.0,172524.0,26.0,149919.0,30.0,157623.0,32.0,155219.0,23.0,168197.0
Welland,91.0,2004.0,-1.0,0.0,-1.0,0.0,-1.0,0.0,67.0,12523.0,92.0,15956.0,48.0,36151.0,69.0,44220.0,82.0,45467.0,99.0,46934.0,-1.0,0.0,55.0,60540.0
Drummondville,92.0,2001.0,-1.0,0.0,-1.0,0.0,-1.0,0.0,76.0,10675.0,50.0,26458.0,45.0,39301.0,71.0,43584.0,75.0,54480.0,78.0,68160.0,65.0,76599.0,40.0,93046.0
Saint-Vital,93.0,1896.0,-1.0,0.0,-1.0,0.0,-1.0,0.0,-1.0,0.0,-1.0,0.0,60.0,29401.0,95.0,33081.0,-1.0,0.0,-1.0,0.0,-1.0,0.0,-1.0,0.0
Oakville,94.0,1840.0,-1.0,0.0,-1.0,0.0,-1.0,0.0,-1.0,0.0,-1.0,0.0,-1.0,0.0,58.0,61497.0,54.0,75897.0,43.0,114732.0,35.0,144738.0,-1.0,0.0
Lachute,95.0,1822.0,-1.0,0.0,-1.0,0.0,-1.0,0.0,-1.0,0.0,-1.0,0.0,-1.0,0.0,-1.0,0.0,-1.0,0.0,-1.0,0.0,-1.0,0.0,-1.0,0.0
Preston,96.0,1805.0,-1.0,0.0,-1.0,0.0,-1.0,0.0,-1.0,0.0,-1.0,0.0,-1.0,0.0,-1.0,0.0,-1.0,0.0,-1.0,0.0,-1.0,0.0,-1.0,0.0
Sainte-Therese,97.0,1727.0,-1.0,0.0,-1.0,0.0,-1.0,0.0,-1.0,0.0,-1.0,0.0,-1.0,0.0,-1.0,0.0,-1.0,0.0,-1.0,0.0,-1.0,0.0,-1.0,0.0
Saint-Laurent,98.0,1703.0,-1.0,0.0,-1.0,0.0,-1.0,0.0,-1.0,0.0,37.0,35827.0,-1.0,0.0,54.0,63140.0,61.0,65909.0,69.0,72422.0,64.0,77391.0,-1.0,0.0
Grand Falls,99.0,1688.0,-1.0,0.0,76.0,3846.0,74.0,4564.0,-1.0,0.0,-1.0,0.0,-1.0,0.0,-1.0,0.0,-1.0,0.0,-1.0,0.0,-1.0,0.0,-1.0,0.0
Verdun,-1.0,0.0,16.0,25086.0,12.0,42291.0,11.0,60772.0,12.0,67346.0,16.0,77638.0,26.0,78360.0,43.0,74574.0,68.0,61340.0,83.0,61356.0,87.0,60564.0,-1.0,0.0
Medicine Hat,-1.0,0.0,27.0,16019.0,56.0,9663.0,59.0,9579.0,62.0,12939.0,67.0,20661.0,72.0,25310.0,-1.0,0.0,78.0,49621.0,91.0,52704.0,85.0,60924.0,47.0,76156.0
Westmount,-1.0,0.0,28.0,14678.0,30.0,17630.0,26.0,24377.0,32.0,26031.0,56.0,24337.0,74.0,25021.0,-1.0,0.0,-1.0,0.0,-1.0,0.0,-1.0,0.0,-1.0,0.0
Saint Boniface,-1.0,0.0,30.0,13821.0,43.0,12955.0,43.0,16358.0,39.0,21667.0,46.0,28648.0,39.0,45539.0,67.0,46720.0,-1.0,0.0,-1.0,0.0,-1.0,0.0,-1.0,0.0
Moose Jaw,-1.0,0.0,31.0,13812.0,-1.0,0.0,36.0,19078.0,36.0,23181.0,45.0,29349.0,52.0,33222.0,-1.0,0.0,-1.0,0.0,-1.0,0.0,-1.0,0.0,81.0,32546.0
Amherst,-1.0,0.0,41.0,9048.0,54.0,10032.0,64.0,7519.0,91.0,8630.0,-1.0,0.0,-1.0,0.0,-1.0,0.0,-1.0,0.0,-1.0,0.0,-1.0,0.0,-1.0,0.0
Nelson,-1.0,0.0,47.0,7068.0,71.0,5264.0,-1.0,0.0,-1.0,0.0,-1.0,0.0,-1.0,0.0,-1.0,0.0,-1.0,0.0,-1.0,0.0,-1.0,0.0,-1.0,0.0
Prince Albert,-1.0,0.0,52.0,6346.0,64.0,7901.0,57.0,9978.0,57.0,14533.0,71.0,20201.0,69.0,26121.0,-1.0,0.0,-1.0,0.0,-1.0,0.0,-1.0,0.0,65.0,45024.0
Wetaskiwin,-1.0,0.0,56.0,4539.0,84.0,2104.0,-1.0,0.0,-1.0,0.0,-1.0,0.0,-1.0,0.0,-1.0,0.0,-1.0,0.0,-1.0,0.0,-1.0,0.0,-1.0,0.0
Kamloops,-1.0,0.0,57.0,4501.0,70.0,6167.0,67.0,6201.0,97.0,8099.0,-1.0,0.0,93.0,18748.0,70.0,43818.0,57.0,71910.0,61.0,79928.0,54.0,89329.0,36.0,102072.0
Prince Rupert,-1.0,0.0,58.0,4238.0,69.0,6427.0,66.0,6441.0,-1.0,0.0,-1.0,0.0,-1.0,0.0,-1.0,0.0,-1.0,0.0,-1.0,0.0,-1.0,0.0,-1.0,0.0
Red Deer,-1.0,0.0,63.0,2441.0,83.0,2346.0,-1.0,0.0,-1.0,0.0,-1.0,0.0,73.0,25237.0,-1.0,0.0,80.0,46402.0,86.0,58149.0,79.0,67707.0,41.0,89715.0
Kalowna,-1.0,0.0,64.0,1661.0,-1.0,0.0,-1.0,0.0,-1.0,0.0,-1.0,0.0,-1.0,0.0,-1.0,0.0,-1.0,0.0,-1.0,0.0,-1.0,0.0,-1.0,0.0
Whitehorse,-1.0,0.0,65.0,755.0,86.0,353.0,80.0,529.0,-1.0,0.0,-1.0,0.0,-1.0,0.0,-1.0,0.0,-1.0,0.0,-1.0,0.0,-1.0,0.0,-1.0,0.0
,-1.0,0.0,-1.0,0.0,-1.0,0.0,-1.0,0.0,-1.0,0.0,-1.0,0.0,-1.0,0.0,-1.0,0.0,-1.0,0.0,-1.0,0.0,-1.0,0.0,-1.0,0.0
Kitchener,-1.0,0.0,-1.0,0.0,25.0,21887.0,20.0,30830.0,21.0,35756.0,21.0,59242.0,12.0,154923.0,16.0,224420.0,14.0,287871.0,13.0,378687.0,11.0,439937.0,9.0,517328.0
Sault Sainte Marie,-1.0,0.0,-1.0,0.0,27.0,21077.0,29.0,23108.0,33.0,25810.0,36.0,37129.0,32.0,58578.0,35.0,95329.0,46.0,87093.0,51.0,101829.0,68.0,74566.0,45.0,82212.0
Saint Catharines,-1.0,0.0,-1.0,0.0,28.0,19931.0,25.0,24801.0,27.0,30305.0,33.0,39454.0,20.0,95623.0,11.0,303453.0,12.0,304463.0,14.0,364610.0,-1.0,0.0,-1.0,0.0
Outremont,-1.0,0.0,-1.0,0.0,42.0,13271.0,24.0,28633.0,26.0,30869.0,48.0,28369.0,-1.0,0.0,-1.0,0.0,-1.0,0.0,-1.0,0.0,-1.0,0.0,-1.0,0.0
North Bay,-1.0,0.0,-1.0,0.0,51.0,10717.0,44.0,15552.0,53.0,15603.0,69.0,20437.0,51.0,33516.0,63.0,49188.0,73.0,57182.0,81.0,63363.0,89.0,59262.0,49.0,74078.0
Shawinigan,-1.0,0.0,-1.0,0.0,52.0,10661.0,46.0,15355.0,41.0,20380.0,47.0,28543.0,29.0,63527.0,57.0,61548.0,66.0,62710.0,82.0,61754.0,95.0,52040.0,59.0,54669.0
North Battleford,-1.0,0.0,-1.0,0.0,72.0,4817.0,68.0,6084.0,-1.0,0.0,-1.0,0.0,-1.0,0.0,-1.0,0.0,-1.0,0.0,-1.0,0.0,-1.0,0.0,-1.0,0.0
Swift Current,-1.0,0.0,-1.0,0.0,73.0,4204.0,70.0,5351.0,-1.0,0.0,-1.0,0.0,-1.0,0.0,-1.0,0.0,-1.0,0.0,-1.0,0.0,-1.0,0.0,-1.0,0.0
Bonavista,-1.0,0.0,-1.0,0.0,75.0,4131.0,75.0,4038.0,-1.0,0.0,-1.0,0.0,-1.0,0.0,-1.0,0.0,-1.0,0.0,-1.0,0.0,-1.0,0.0,-1.0,0.0
Harbour Grace,-1.0,0.0,-1.0,0.0,77.0,3837.0,78.0,2270.0,-1.0,0.0,-1.0,0.0,-1.0,0.0,-1.0,0.0,-1.0,0.0,-1.0,0.0,-1.0,0.0,-1.0,0.0
Carbonear,-1.0,0.0,-1.0,0.0,78.0,3337.0,76.0,3444.0,-1.0,0.0,-1.0,0.0,-1.0,0.0,-1.0,0.0,-1.0,0.0,-1.0,0.0,-1.0,0.0,-1.0,0.0
Burin,-1.0,0.0,-1.0,0.0,81.0,2784.0,-1.0,0.0,-1.0,0.0,-1.0,0.0,-1.0,0.0,-1.0,0.0,-1.0,0.0,-1.0,0.0,-1.0,0.0,-1.0,0.0
Kelowna,-1.0,0.0,-1.0,0.0,82.0,2520.0,73.0,4793.0,-1.0,0.0,-1.0,0.0,-1.0,0.0,40.0,80200.0,40.0,100251.0,38.0,125314.0,30.0,155950.0,21.0,186126.0
Trail,-1.0,0.0,-1.0,0.0,-1.0,0.0,63.0,7640.0,83.0,9469.0,-1.0,0.0,-1.0,0.0,-1.0,0.0,-1.0,0.0,-1.0,0.0,-1.0,0.0,-1.0,0.0
Yorkton,-1.0,0.0,-1.0,0.0,-1.0,0.0,72.0,5071.0,-1.0,0.0,-1.0,0.0,-1.0,0.0,-1.0,0.0,-1.0,0.0,-1.0,0.0,-1.0,0.0,-1.0,0.0
Prince George,-1.0,0.0,-1.0,0.0,-1.0,0.0,77.0,2536.0,-1.0,0.0,-1.0,0.0,-1.0,0.0,64.0,49138.0,60.0,67698.0,74.0,69789.0,73.0,72406.0,42.0,86846.0
Abbotsford,-1.0,0.0,-1.0,0.0,-1.0,0.0,81.0,510.0,-1.0,0.0,-1.0,0.0,-1.0,0.0,-1.0,0.0,85.0,42007.0,52.0,100045.0,31.0,155316.0,22.0,176538.0
Timmins,-1.0,0.0,-1.0,0.0,-1.0,0.0,-1.0,0.0,30.0,28833.0,49.0,27611.0,44.0,40125.0,74.0,41514.0,81.0,46148.0,98.0,47460.0,-1.0,0.0,67.0,44315.0
Granby,-1.0,0.0,-1.0,0.0,-1.0,0.0,-1.0,0.0,58.0,14279.0,52.0,26167.0,54.0,31520.0,76.0,39395.0,91.0,38190.0,90.0,53430.0,90.0,55460.0,44.0,82445.0
Thetford Mines,-1.0,0.0,-1.0,0.0,-1.0,0.0,-1.0,0.0,63.0,12786.0,75.0,19388.0,70.0,25891.0,-1.0,0.0,-1.0,0.0,-1.0,0.0,-1.0,0.0,-1.0,0.0
Corner Brook,-1.0,0.0,-1.0,0.0,-1.0,0.0,-1.0,0.0,65.0,12571.0,62.0,23125.0,71.0,25445.0,-1.0,0.0,-1.0,0.0,-1.0,0.0,-1.0,0.0,-1.0,0.0
Cap-de-la-Madeleine,-1.0,0.0,-1.0,0.0,-1.0,0.0,-1.0,0.0,70.0,12035.0,-1.0,0.0,68.0,26915.0,-1.0,0.0,-1.0,0.0,-1.0,0.0,-1.0,0.0,-1.0,0.0
Forest Hill,-1.0,0.0,-1.0,0.0,-1.0,0.0,-1.0,0.0,71.0,11858.0,76.0,19097.0,-1.0,0.0,-1.0,0.0,-1.0,0.0,-1.0,0.0,-1.0,0.0,-1.0,0.0
Victoriaville,-1.0,0.0,-1.0,0.0,-1.0,0.0,-1.0,0.0,77.0,10462.0,91.0,16123.0,85.0,21785.0,-1.0,0.0,-1.0,0.0,-1.0,0.0,-1.0,0.0,72.0,41925.0
New Toronto,-1.0,0.0,-1.0,0.0,-1.0,0.0,-1.0,0.0,82.0,9584.0,-1.0,0.0,-1.0,0.0,-1.0,0.0,-1.0,0.0,-1.0,0.0,-1.0,0.0,-1.0,0.0
New Waterford,-1.0,0.0,-1.0,0.0,-1.0,0.0,-1.0,0.0,84.0,9323.0,-1.0,0.0,-1.0,0.0,-1.0,0.0,-1.0,0.0,-1.0,0.0,-1.0,0.0,-1.0,0.0
North Vancouver,-1.0,0.0,-1.0,0.0,-1.0,0.0,-1.0,0.0,88.0,8932.0,74.0,19831.0,79.0,23730.0,98.0,31809.0,62.0,65400.0,-1.0,0.0,61.0,82310.0,-1.0,0.0
Rouyn-Noranda,-1.0,0.0,-1.0,0.0,-1.0,0.0,-1.0,0.0,89.0,8803.0,85.0,16875.0,56.0,30203.0,-1.0,0.0,-1.0,0.0,-1.0,0.0,-1.0,0.0,-1.0,0.0
Grand'Mere,-1.0,0.0,-1.0,0.0,-1.0,0.0,-1.0,0.0,92.0,8627.0,-1.0,0.0,-1.0,0.0,-1.0,0.0,-1.0,0.0,-1.0,0.0,-1.0,0.0,-1.0,0.0
Mimico,-1.0,0.0,-1.0,0.0,-1.0,0.0,-1.0,0.0,96.0,8140.0,-1.0,0.0,97.0,18260.0,-1.0,0.0,-1.0,0.0,-1.0,0.0,-1.0,0.0,-1.0,0.0
Eastview,-1.0,0.0,-1.0,0.0,-1.0,0.0,-1.0,0.0,98.0,8040.0,77.0,19073.0,76.0,24693.0,-1.0,0.0,-1.0,0.0,-1.0,0.0,-1.0,0.0,-1.0,0.0
La Tuque,-1.0,0.0,-1.0,0.0,-1.0,0.0,-1.0,0.0,99.0,7942.0,-1.0,0.0,-1.0,0.0,-1.0,0.0,-1.0,0.0,-1.0,0.0,-1.0,0.0,-1.0,0.0
North York,-1.0,0.0,-1.0,0.0,-1.0,0.0,-1.0,0.0,-1.0,0.0,8.0,168622.0,-1.0,0.0,6.0,504537.0,8.0,559591.0,9.0,562694.0,-1.0,0.0,-1.0,0.0
Scarborough,-1.0,0.0,-1.0,0.0,-1.0,0.0,-1.0,0.0,-1.0,0.0,10.0,139181.0,-1.0,0.0,10.0,332153.0,10.0,443446.0,10.0,524616.0,-1.0,0.0,-1.0,0.0
Etobicoke,-1.0,0.0,-1.0,0.0,-1.0,0.0,-1.0,0.0,-1.0,0.0,12.0,103104.0,-1.0,0.0,13.0,282232.0,13.0,298727.0,18.0,310071.0,-1.0,0.0,-1.0,0.0
East York,-1.0,0.0,-1.0,0.0,-1.0,0.0,-1.0,0.0,-1.0,0.0,19.0,69479.0,-1.0,0.0,31.0,104993.0,37.0,102075.0,50.0,102754.0,-1.0,0.0,-1.0,0.0
Saint John,-1.0,0.0,-1.0,0.0,-1.0,0.0,-1.0,0.0,-1.0,0.0,24.0,51906.0,-1.0,0.0,30.0,106704.0,35.0,114012.0,39.0,125068.0,43.0,125856.0,30.0,129827.0
Saanich,-1.0,0.0,-1.0,0.0,-1.0,0.0,-1.0,0.0,-1.0,0.0,34.0,38010.0,-1.0,0.0,51.0,65044.0,50.0,78706.0,53.0,95670.0,50.0,103654.0,-1.0,0.0
Jacques-Cartier,-1.0,0.0,-1.0,0.0,-1.0,0.0,-1.0,0.0,-1.0,0.0,41.0,33091.0,43.0,40821.0,-1.0,0.0,-1.0,0.0,-1.0,0.0,-1.0,0.0,-1.0,0.0
Saint James-Assiniboia,-1.0,0.0,-1.0,0.0,-1.0,0.0,-1.0,0.0,-1.0,0.0,51.0,26265.0,-1.0,0.0,48.0,70841.0,-1.0,0.0,-1.0,0.0,-1.0,0.0,-1.0,0.0
Richmond,-1.0,0.0,-1.0,0.0,-1.0,0.0,-1.0,0.0,-1.0,0.0,53.0,25943.0,-1.0,0.0,56.0,62141.0,42.0,96298.0,36.0,126678.0,27.0,164345.0,-1.0,0.0
Montreal-Nord,-1.0,0.0,-1.0,0.0,-1.0,0.0,-1.0,0.0,-1.0,0.0,54.0,25406.0,-1.0,0.0,-1.0,0.0,-1.0,0.0,-1.0,0.0,-1.0,0.0,-1.0,0.0
La Salle,-1.0,0.0,-1.0,0.0,-1.0,0.0,-1.0,0.0,-1.0,0.0,79.0,18922.0,-1.0,0.0,46.0,72915.0,53.0,76323.0,66.0,73841.0,-1.0,0.0,-1.0,0.0
East Kildonan,-1.0,0.0,-1.0,0.0,-1.0,0.0,-1.0,0.0,-1.0,0.0,80.0,18671.0,64.0,28178.0,-1.0,0.0,-1.0,0.0,-1.0,0.0,-1.0,0.0,-1.0,0.0
Leaside,-1.0,0.0,-1.0,0.0,-1.0,0.0,-1.0,0.0,-1.0,0.0,87.0,16596.0,-1.0,0.0,-1.0,0.0,-1.0,0.0,-1.0,0.0,-1.0,0.0,-1.0,0.0
Mont-Royal,-1.0,0.0,-1.0,0.0,-1.0,0.0,-1.0,0.0,-1.0,0.0,93.0,15947.0,-1.0,0.0,-1.0,0.0,-1.0,0.0,-1.0,0.0,-1.0,0.0,-1.0,0.0
West Kildonan,-1.0,0.0,-1.0,0.0,-1.0,0.0,-1.0,0.0,-1.0,0.0,96.0,15201.0,87.0,21052.0,-1.0,0.0,-1.0,0.0,-1.0,0.0,-1.0,0.0,-1.0,0.0
Pointe-Claire,-1.0,0.0,-1.0,0.0,-1.0,0.0,-1.0,0.0,-1.0,0.0,97.0,15199.0,80.0,22893.0,-1.0,0.0,-1.0,0.0,-1.0,0.0,-1.0,0.0,-1.0,0.0
Oak Bay,-1.0,0.0,-1.0,0.0,-1.0,0.0,-1.0,0.0,-1.0,0.0,98.0,14757.0,-1.0,0.0,-1.0,0.0,-1.0,0.0,-1.0,0.0,-1.0,0.0,-1.0,0.0
Rimouski,-1.0,0.0,-1.0,0.0,-1.0,0.0,-1.0,0.0,-1.0,0.0,99.0,14300.0,82.0,22452.0,-1.0,0.0,-1.0,0.0,-1.0,0.0,-1.0,0.0,60.0,54630.0
Burlington,-1.0,0.0,-1.0,0.0,-1.0,0.0,-1.0,0.0,-1.0,0.0,-1.0,0.0,37.0,47026.0,38.0,86182.0,34.0,114911.0,35.0,129615.0,34.0,150836.0,-1.0,0.0
Sainte-Foy,-1.0,0.0,-1.0,0.0,-1.0,0.0,-1.0,0.0,-1.0,0.0,-1.0,0.0,59.0,29724.0,49.0,67813.0,58.0,68978.0,72.0,71162.0,72.0,72547.0,-1.0,0.0
Longueuil,-1.0,0.0,-1.0,0.0,-1.0,0.0,-1.0,0.0,-1.0,0.0,-1.0,0.0,78.0,24142.0,34.0,97532.0,31.0,124342.0,34.0,129918.0,41.0,128016.0,-1.0,0.0
Alma,-1.0,0.0,-1.0,0.0,-1.0,0.0,-1.0,0.0,-1.0,0.0,-1.0,0.0,90.0,19962.0,-1.0,0.0,-1.0,0.0,-1.0,0.0,-1.0,0.0,-1.0,0.0
Transcona,-1.0,0.0,-1.0,0.0,-1.0,0.0,-1.0,0.0,-1.0,0.0,-1.0,0.0,95.0,18286.0,-1.0,0.0,-1.0,0.0,-1.0,0.0,-1.0,0.0,-1.0,0.0
Laval,-1.0,0.0,-1.0,0.0,-1.0,0.0,-1.0,0.0,-1.0,0.0,-1.0,0.0,-1.0,0.0,15.0,228150.0,17.0,268318.0,17.0,314426.0,15.0,343005.0,-1.0,0.0
Mississauga,-1.0,0.0,-1.0,0.0,-1.0,0.0,-1.0,0.0,-1.0,0.0,-1.0,0.0,-1.0,0.0,20.0,172433.0,11.0,315121.0,11.0,463443.0,8.0,612925.0,-1.0,0.0
Burnaby,-1.0,0.0,-1.0,0.0,-1.0,0.0,-1.0,0.0,-1.0,0.0,-1.0,0.0,-1.0,0.0,26.0,124246.0,30.0,136552.0,29.0,158943.0,22.0,193954.0,-1.0,0.0
Surrey,-1.0,0.0,-1.0,0.0,-1.0,0.0,-1.0,0.0,-1.0,0.0,-1.0,0.0,-1.0,0.0,32.0,98604.0,28.0,147140.0,22.0,245237.0,14.0,347825.0,-1.0,0.0
Saint-Leonard,-1.0,0.0,-1.0,0.0,-1.0,0.0,-1.0,0.0,-1.0,0.0,-1.0,0.0,-1.0,0.0,60.0,52071.0,49.0,79441.0,68.0,73134.0,77.0,69604.0,-1.0,0.0
Chilliwack,-1.0,0.0,-1.0,0.0,-1.0,0.0,-1.0,0.0,-1.0,0.0,-1.0,0.0,-1.0,0.0,62.0,50728.0,65.0,63410.0,62.0,79263.0,55.0,88183.0,39.0,97582.0
Saint-Hubert,-1.0,0.0,-1.0,0.0,-1.0,0.0,-1.0,0.0,-1.0,0.0,-1.0,0.0,-1.0,0.0,82.0,36984.0,70.0,60628.0,65.0,74002.0,66.0,75912.0,-1.0,0.0
Markham,-1.0,0.0,-1.0,0.0,-1.0,0.0,-1.0,0.0,-1.0,0.0,-1.0,0.0,-1.0,0.0,83.0,36714.0,52.0,77076.0,31.0,153806.0,21.0,208615.0,-1.0,0.0
West Vancouver,-1.0,0.0,-1.0,0.0,-1.0,0.0,-1.0,0.0,-1.0,0.0,-1.0,0.0,-1.0,0.0,84.0,36423.0,-1.0,0.0,-1.0,0.0,-1.0,0.0,-1.0,0.0
Pointe-aux-Trembles,-1.0,0.0,-1.0,0.0,-1.0,0.0,-1.0,0.0,-1.0,0.0,-1.0,0.0,-1.0,0.0,85.0,35662.0,-1.0,0.0,-1.0,0.0,-1.0,0.0,-1.0,0.0
Anjou,-1.0,0.0,-1.0,0.0,-1.0,0.0,-1.0,0.0,-1.0,0.0,-1.0,0.0,-1.0,0.0,91.0,33919.0,95.0,37387.0,-1.0,0.0,-1.0,0.0,-1.0,0.0
Chateauguay,-1.0,0.0,-1.0,0.0,-1.0,0.0,-1.0,0.0,-1.0,0.0,-1.0,0.0,-1.0,0.0,92.0,33785.0,96.0,36978.0,-1.0,0.0,-1.0,0.0,52.0,66445.0
Charlesbourg,-1.0,0.0,-1.0,0.0,-1.0,0.0,-1.0,0.0,-1.0,0.0,-1.0,0.0,-1.0,0.0,93.0,33408.0,59.0,68381.0,73.0,70825.0,75.0,70310.0,-1.0,0.0
Pierrefonds,-1.0,0.0,-1.0,0.0,-1.0,0.0,-1.0,0.0,-1.0,0.0,-1.0,0.0,-1.0,0.0,94.0,33096.0,89.0,38433.0,97.0,48776.0,91.0,54963.0,-1.0,0.0
Pickering,-1.0,0.0,-1.0,0.0,-1.0,0.0,-1.0,0.0,-1.0,0.0,-1.0,0.0,-1.0,0.0,99.0,31749.0,93.0,37826.0,77.0,68459.0,57.0,87139.0,-1.0,0.0
Gatineau,-1.0,0.0,-1.0,0.0,-1.0,0.0,-1.0,0.0,-1.0,0.0,-1.0,0.0,-1.0,0.0,-1.0,0.0,55.0,75058.0,55.0,92352.0,51.0,102898.0,-1.0,0.0
Delta,-1.0,0.0,-1.0,0.0,-1.0,0.0,-1.0,0.0,-1.0,0.0,-1.0,0.0,-1.0,0.0,-1.0,0.0,56.0,74792.0,56.0,89025.0,53.0,96950.0,-1.0,0.0
Beauport,-1.0,0.0,-1.0,0.0,-1.0,0.0,-1.0,0.0,-1.0,0.0,-1.0,0.0,-1.0,0.0,-1.0,0.0,71.0,60494.0,75.0,69219.0,71.0,72813.0,-1.0,0.0
Brossard,-1.0,0.0,-1.0,0.0,-1.0,0.0,-1.0,0.0,-1.0,0.0,-1.0,0.0,-1.0,0.0,-1.0,0.0,77.0,52290.0,80.0,64869.0,82.0,65026.0,-1.0,0.0
Dollard-des-Ormeaux,-1.0,0.0,-1.0,0.0,-1.0,0.0,-1.0,0.0,-1.0,0.0,-1.0,0.0,-1.0,0.0,-1.0,0.0,87.0,39949.0,-1.0,0.0,-1.0,0.0,-1.0,0.0
Stoney Creek,-1.0,0.0,-1.0,0.0,-1.0,0.0,-1.0,0.0,-1.0,0.0,-1.0,0.0,-1.0,0.0,-1.0,0.0,97.0,36828.0,94.0,50015.0,-1.0,0.0,-1.0,0.0
Vaughan,-1.0,0.0,-1.0,0.0,-1.0,0.0,-1.0,0.0,-1.0,0.0,-1.0,0.0,-1.0,0.0,-1.0,0.0,-1.0,0.0,47.0,111460.0,24.0,182022.0,-1.0,0.0
Gloucester,-1.0,0.0,-1.0,0.0,-1.0,0.0,-1.0,0.0,-1.0,0.0,-1.0,0.0,-1.0,0.0,-1.0,0.0,-1.0,0.0,48.0,110781.0,-1.0,0.0,-1.0,0.0
Nepean,-1.0,0.0,-1.0,0.0,-1.0,0.0,-1.0,0.0,-1.0,0.0,-1.0,0.0,-1.0,0.0,-1.0,0.0,-1.0,0.0,49.0,107675.0,-1.0,0.0,-1.0,0.0
Coquitlam,-1.0,0.0,-1.0,0.0,-1.0,0.0,-1.0,0.0,-1.0,0.0,-1.0,0.0,-1.0,0.0,-1.0,0.0,-1.0,0.0,58.0,84007.0,46.0,112890.0,-1.0,0.0
Chatmam,-1.0,0.0,-1.0,0.0,-1.0,0.0,-1.0,0.0,-1.0,0.0,-1.0,0.0,-1.0,0.0,-1.0,0.0,-1.0,0.0,64.0,74191.0,-1.0,0.0,-1.0,0.0
Ajax,-1.0,0.0,-1.0,0.0,-1.0,0.0,-1.0,0.0,-1.0,0.0,-1.0,0.0,-1.0,0.0,-1.0,0.0,-1.0,0.0,88.0,57446.0,70.0,73753.0,-1.0,0.0
Repentigny,-1.0,0.0,-1.0,0.0,-1.0,0.0,-1.0,0.0,-1.0,0.0,-1.0,0.0,-1.0,0.0,-1.0,0.0,-1.0,0.0,95.0,49663.0,93.0,54550.0,-1.0,0.0
St. Catharines,-1.0,0.0,-1.0,0.0,-1.0,0.0,-1.0,0.0,-1.0,0.0,-1.0,0.0,-1.0,0.0,-1.0,0.0,-1.0,0.0,-1.0,0.0,40.0,129170.0,-1.0,0.0
Cape Breton,-1.0,0.0,-1.0,0.0,-1.0,0.0,-1.0,0.0,-1.0,0.0,-1.0,0.0,-1.0,0.0,-1.0,0.0,-1.0,0.0,-1.0,0.0,49.0,105968.0,35.0,103116.0
Langley,-1.0,0.0,-1.0,0.0,-1.0,0.0,-1.0,0.0,-1.0,0.0,-1.0,0.0,-1.0,0.0,-1.0,0.0,-1.0,0.0,-1.0,0.0,58.0,86896.0,-1.0,0.0
LaSalle,-1.0,0.0,-1.0,0.0,-1.0,0.0,-1.0,0.0,-1.0,0.0,-1.0,0.0,-1.0,0.0,-1.0,0.0,-1.0,0.0,-1.0,0.0,69.0,73983.0,-1.0,0.0
Strathcona County,-1.0,0.0,-1.0,0.0,-1.0,0.0,-1.0,0.0,-1.0,0.0,-1.0,0.0,-1.0,0.0,-1.0,0.0,-1.0,0.0,-1.0,0.0,74.0,71986.0,-1.0,0.0
Clarington,-1.0,0.0,-1.0,0.0,-1.0,0.0,-1.0,0.0,-1.0,0.0,-1.0,0.0,-1.0,0.0,-1.0,0.0,-1.0,0.0,-1.0,0.0,76.0,69834.0,-1.0,0.0
Kawartha Lakes,-1.0,0.0,-1.0,0.0,-1.0,0.0,-1.0,0.0,-1.0,0.0,-1.0,0.0,-1.0,0.0,-1.0,0.0,-1.0,0.0,-1.0,0.0,78.0,69179.0,-1.0,0.0
Maple Ridge,-1.0,0.0,-1.0,0.0,-1.0,0.0,-1.0,0.0,-1.0,0.0,-1.0,0.0,-1.0,0.0,-1.0,0.0,-1.0,0.0,-1.0,0.0,83.0,63169.0,-1.0,0.0
Norfolk,-1.0,0.0,-1.0,0.0,-1.0,0.0,-1.0,0.0,-1.0,0.0,-1.0,0.0,-1.0,0.0,-1.0,0.0,-1.0,0.0,-1.0,0.0,86.0,60847.0,-1.0,0.0
St. Albert,-1.0,0.0,-1.0,0.0,-1.0,0.0,-1.0,0.0,-1.0,0.0,-1.0,0.0,-1.0,0.0,-1.0,0.0,-1.0,0.0,-1.0,0.0,94.0,53081.0,-1.0,0.0
Port Coquitlam,-1.0,0.0,-1.0,0.0,-1.0,0.0,-1.0,0.0,-1.0,0.0,-1.0,0.0,-1.0,0.0,-1.0,0.0,-1.0,0.0,-1.0,0.0,96.0,51257.0,-1.0,0.0
Caledon,-1.0,0.0,-1.0,0.0,-1.0,0.0,-1.0,0.0,-1.0,0.0,-1.0,0.0,-1.0,0.0,-1.0,0.0,-1.0,0.0,-1.0,0.0,97.0,50595.0,-1.0,0.0
White Rock,-1.0,0.0,-1.0,0.0,-1.0,0.0,-1.0,0.0,-1.0,0.0,-1.0,0.0,-1.0,0.0,-1.0,0.0,-1.0,0.0,-1.0,0.0,-1.0,0.0,43.0,85062.0
Milton,-1.0,0.0,-1.0,0.0,-1.0,0.0,-1.0,0.0,-1.0,0.0,-1.0,0.0,-1.0,0.0,-1.0,0.0,-1.0,0.0,-1.0,0.0,-1.0,0.0,48.0,75880.0
Fort McMurray,-1.0,0.0,-1.0,0.0,-1.0,0.0,-1.0,0.0,-1.0,0.0,-1.0,0.0,-1.0,0.0,-1.0,0.0,-1.0,0.0,-1.0,0.0,-1.0,0.0,53.0,60555.0
Vernon,-1.0,0.0,-1.0,0.0,-1.0,0.0,-1.0,0.0,-1.0,0.0,-1.0,0.0,-1.0,0.0,-1.0,0.0,-1.0,0.0,-1.0,0.0,-1.0,0.0,56.0,60123.0
Grande Prairie,-1.0,0.0,-1.0,0.0,-1.0,0.0,-1.0,0.0,-1.0,0.0,-1.0,0.0,-1.0,0.0,-1.0,0.0,-1.0,0.0,-1.0,0.0,-1.0,0.0,58.0,55236.0
Leamington,-1.0,0.0,-1.0,0.0,-1.0,0.0,-1.0,0.0,-1.0,0.0,-1.0,0.0,-1.0,0.0,-1.0,0.0,-1.0,0.0,-1.0,0.0,-1.0,0.0,61.0,50625.0
Beloeil,-1.0,0.0,-1.0,0.0,-1.0,0.0,-1.0,0.0,-1.0,0.0,-1.0,0.0,-1.0,0.0,-1.0,0.0,-1.0,0.0,-1.0,0.0,-1.0,0.0,62.0,48688.0
Courtenay,-1.0,0.0,-1.0,0.0,-1.0,0.0,-1.0,0.0,-1.0,0.0,-1.0,0.0,-1.0,0.0,-1.0,0.0,-1.0,0.0,-1.0,0.0,-1.0,0.0,68.0,43346.0
Penticton,-1.0,0.0,-1.0,0.0,-1.0,0.0,-1.0,0.0,-1.0,0.0,-1.0,0.0,-1.0,0.0,-1.0,0.0,-1.0,0.0,-1.0,0.0,-1.0,0.0,69.0,43218.0
Airdrie,-1.0,0.0,-1.0,0.0,-1.0,0.0,-1.0,0.0,-1.0,0.0,-1.0,0.0,-1.0,0.0,-1.0,0.0,-1.0,0.0,-1.0,0.0,-1.0,0.0,71.0,42844.0
Georgetown,-1.0,0.0,-1.0,0.0,-1.0,0.0,-1.0,0.0,-1.0,0.0,-1.0,0.0,-1.0,0.0,-1.0,0.0,-1.0,0.0,-1.0,0.0,-1.0,0.0,74.0,40185.0
Midland,-1.0,0.0,-1.0,0.0,-1.0,0.0,-1.0,0.0,-1.0,0.0,-1.0,0.0,-1.0,0.0,-1.0,0.0,-1.0,0.0,-1.0,0.0,-1.0,0.0,77.0,36137.0
Sorel-Tracy,-1.0,0.0,-1.0,0.0,-1.0,0.0,-1.0,0.0,-1.0,0.0,-1.0,0.0,-1.0,0.0,-1.0,0.0,-1.0,0.0,-1.0,0.0,-1.0,0.0,78.0,35770.0
Bowmanville-Newcastle,-1.0,0.0,-1.0,0.0,-1.0,0.0,-1.0,0.0,-1.0,0.0,-1.0,0.0,-1.0,0.0,-1.0,0.0,-1.0,0.0,-1.0,0.0,-1.0,0.0,79.0,35168.0
Campbell River,-1.0,0.0,-1.0,0.0,-1.0,0.0,-1.0,0.0,-1.0,0.0,-1.0,0.0,-1.0,0.0,-1.0,0.0,-1.0,0.0,-1.0,0.0,-1.0,0.0,80.0,33448.0
Orangeville,-1.0,0.0,-1.0,0.0,-1.0,0.0,-1.0,0.0,-1.0,0.0,-1.0,0.0,-1.0,0.0,-1.0,0.0,-1.0,0.0,-1.0,0.0,-1.0,0.0,84.0,29007.0
Spruce Grove,-1.0,0.0,-1.0,0.0,-1.0,0.0,-1.0,0.0,-1.0,0.0,-1.0,0.0,-1.0,0.0,-1.0,0.0,-1.0,0.0,-1.0,0.0,-1.0,0.0,85.0,27970.0
Lloydminster,-1.0,0.0,-1.0,0.0,-1.0,0.0,-1.0,0.0,-1.0,0.0,-1.0,0.0,-1.0,0.0,-1.0,0.0,-1.0,0.0,-1.0,0.0,-1.0,0.0,86.0,27769.0
Bolton,-1.0,0.0,-1.0,0.0,-1.0,0.0,-1.0,0.0,-1.0,0.0,-1.0,0.0,-1.0,0.0,-1.0,0.0,-1.0,0.0,-1.0,0.0,-1.0,0.0,87.0,27108.0
Keswick-Elmhurst Beach,-1.0,0.0,-1.0,0.0,-1.0,0.0,-1.0,0.0,-1.0,0.0,-1.0,0.0,-1.0,0.0,-1.0,0.0,-1.0,0.0,-1.0,0.0,-1.0,0.0,88.0,26002.0
Val-dOr,-1.0,0.0,-1.0,0.0,-1.0,0.0,-1.0,0.0,-1.0,0.0,-1.0,0.0,-1.0,0.0,-1.0,0.0,-1.0,0.0,-1.0,0.0,-1.0,0.0,89.0,25023.0
Saint-Georges,-1.0,0.0,-1.0,0.0,-1.0,0.0,-1.0,0.0,-1.0,0.0,-1.0,0.0,-1.0,0.0,-1.0,0.0,-1.0,0.0,-1.0,0.0,-1.0,0.0,90.0,24940.0
Stouffville,-1.0,0.0,-1.0,0.0,-1.0,0.0,-1.0,0.0,-1.0,0.0,-1.0,0.0,-1.0,0.0,-1.0,0.0,-1.0,0.0,-1.0,0.0,-1.0,0.0,91.0,24654.0
Okotoks,-1.0,0.0,-1.0,0.0,-1.0,0.0,-1.0,0.0,-1.0,0.0,-1.0,0.0,-1.0,0.0,-1.0,0.0,-1.0,0.0,-1.0,0.0,-1.0,0.0,92.0,24470.0
Quispamsis-Rothesay,-1.0,0.0,-1.0,0.0,-1.0,0.0,-1.0,0.0,-1.0,0.0,-1.0,0.0,-1.0,0.0,-1.0,0.0,-1.0,0.0,-1.0,0.0,-1.0,0.0,93.0,23862.0
Leduc,-1.0,0.0,-1.0,0.0,-1.0,0.0,-1.0,0.0,-1.0,0.0,-1.0,0.0,-1.0,0.0,-1.0,0.0,-1.0,0.0,-1.0,0.0,-1.0,0.0,94.0,23827.0
Bradford,-1.0,0.0,-1.0,0.0,-1.0,0.0,-1.0,0.0,-1.0,0.0,-1.0,0.0,-1.0,0.0,-1.0,0.0,-1.0,0.0,-1.0,0.0,-1.0,0.0,95.0,23024.0
Innisfil,-1.0,0.0,-1.0,0.0,-1.0,0.0,-1.0,0.0,-1.0,0.0,-1.0,0.0,-1.0,0.0,-1.0,0.0,-1.0,0.0,-1.0,0.0,-1.0,0.0,96.0,20365.0
Cochrane,-1.0,0.0,-1.0,0.0,-1.0,0.0,-1.0,0.0,-1.0,0.0,-1.0,0.0,-1.0,0.0,-1.0,0.0,-1.0,0.0,-1.0,0.0,-1.0,0.0,99.0,17433.0
